-- phpMyAdmin SQL Dump
-- version 4.9.5
-- https://www.phpmyadmin.net/
--
-- Host: localhost:3306
-- Generation Time: Aug 23, 2021 at 01:06 PM
-- Server version: 5.7.24
-- PHP Version: 7.4.1

SET SQL_MODE = "NO_AUTO_VALUE_ON_ZERO";
SET AUTOCOMMIT = 0;
START TRANSACTION;
SET time_zone = "+00:00";


/*!40101 SET @OLD_CHARACTER_SET_CLIENT=@@CHARACTER_SET_CLIENT */;
/*!40101 SET @OLD_CHARACTER_SET_RESULTS=@@CHARACTER_SET_RESULTS */;
/*!40101 SET @OLD_COLLATION_CONNECTION=@@COLLATION_CONNECTION */;
/*!40101 SET NAMES utf8mb4 */;

--
-- Database: `labreche`
--

-- --------------------------------------------------------

--
-- Table structure for table `acl_modules`
--

CREATE TABLE `acl_modules` (
  `id` mediumint(8) UNSIGNED NOT NULL,
  `module_name` varchar(30) NOT NULL,
  `group_id` mediumint(8) UNSIGNED NOT NULL,
  `value` tinyint(4) NOT NULL DEFAULT '0'
) ENGINE=InnoDB DEFAULT CHARSET=utf8;

--
-- Dumping data for table `acl_modules`
--

INSERT INTO `acl_modules` (`id`, `module_name`, `group_id`, `value`) VALUES
(1, 'badmin', 1, 1),
(2, 'badmin', 2, 1),
(3, 'badmin', 3, 0),
(4, 'badmin', 4, 0),
(5, 'dashboard', 1, 1),
(6, 'dashboard', 2, 1),
(7, 'dashboard', 3, 0),
(8, 'dashboard', 4, 1),
(9, 'module', 1, 1),
(10, 'module', 2, 1),
(11, 'module', 3, 0),
(12, 'module', 4, 0),
(13, 'pos', 1, 1),
(14, 'pos', 2, 0),
(15, 'pos', 3, 1),
(16, 'pos', 4, 0),
(17, 'product', 1, 1),
(18, 'product', 2, 1),
(19, 'product', 3, 1),
(20, 'product', 4, 1),
(21, 'setting', 1, 1),
(22, 'setting', 2, 1),
(23, 'setting', 3, 0),
(24, 'setting', 4, 0),
(25, 'warehouse', 1, 1),
(26, 'warehouse', 2, 1),
(27, 'warehouse', 3, 0),
(28, 'warehouse', 4, 1);

-- --------------------------------------------------------

--
-- Table structure for table `categories`
--

CREATE TABLE `categories` (
  `cat_id` mediumint(4) NOT NULL,
  `cat_name` varchar(50) NOT NULL,
  `cat_description` varchar(50) DEFAULT NULL
) ENGINE=InnoDB DEFAULT CHARSET=utf8;

--
-- Dumping data for table `categories`
--

INSERT INTO `categories` (`cat_id`, `cat_name`, `cat_description`) VALUES
(1, 'MOTEUR', 'moteur');

-- --------------------------------------------------------

--
-- Table structure for table `ci_sessions`
--

CREATE TABLE `ci_sessions` (
  `id` varchar(40) NOT NULL,
  `ip_address` varchar(45) NOT NULL,
  `timestamp` mediumint(11) UNSIGNED NOT NULL DEFAULT '0',
  `data` blob NOT NULL
) ENGINE=InnoDB DEFAULT CHARSET=utf8;

--
-- Dumping data for table `ci_sessions`
--

INSERT INTO `ci_sessions` (`id`, `ip_address`, `timestamp`, `data`) VALUES
('0735251befe37300826b39d3d821ab39c764abf7', '127.0.0.1', 16777215, 0x5f5f63695f6c6173745f726567656e65726174657c693a313632393337333634363b6964656e746974797c733a363a226b616c616c61223b757365726e616d657c733a363a226b616c616c61223b656d61696c7c733a31363a226b616c616c6140676d61696c2e636f6d223b757365725f69647c733a313a2232223b6f6c645f6c6173745f6c6f67696e7c733a32363a22303030302d30302d30302030303a30303a30302e303030303030223b6c6173745f636865636b7c693a313632393336373436343b736974655f6c616e677c733a373a22656e676c697368223b),
('0a58154665b8f9fa562e9b298eca21d1c3583dec', '127.0.0.1', 16777215, 0x5f5f63695f6c6173745f726567656e65726174657c693a313632393530303935343b736974655f6c616e677c733a373a22656e676c697368223b6964656e746974797c733a363a226b616c616c61223b757365726e616d657c733a363a226b616c616c61223b656d61696c7c733a31363a226b616c616c6140676d61696c2e636f6d223b757365725f69647c733a313a2232223b6f6c645f6c6173745f6c6f67696e7c733a32363a22303030302d30302d30302030303a30303a30302e303030303030223b6c6173745f636865636b7c693a313632393439353738353b),
('0a67ebc0d26fbb40662481e96eb73b8e81f8286f', '127.0.0.1', 16777215, 0x5f5f63695f6c6173745f726567656e65726174657c693a313632393534363733353b6964656e746974797c733a363a226b616c616c61223b757365726e616d657c733a363a226b616c616c61223b656d61696c7c733a31363a226b616c616c6140676d61696c2e636f6d223b757365725f69647c733a313a2232223b6f6c645f6c6173745f6c6f67696e7c733a32363a22303030302d30302d30302030303a30303a30302e303030303030223b6c6173745f636865636b7c693a313632393534323139373b736974655f6c616e677c733a373a22656e676c697368223b),
('0c4d7fd6fcc468bfe8ea53cbaba19cc2c06a9d19', '127.0.0.1', 16777215, 0x5f5f63695f6c6173745f726567656e65726174657c693a313632393435343838303b6964656e746974797c733a363a226b616c616c61223b757365726e616d657c733a363a226b616c616c61223b656d61696c7c733a31363a226b616c616c6140676d61696c2e636f6d223b757365725f69647c733a313a2232223b6f6c645f6c6173745f6c6f67696e7c733a32363a22303030302d30302d30302030303a30303a30302e303030303030223b6c6173745f636865636b7c693a313632393435313538343b736974655f6c616e677c733a373a22656e676c697368223b),
('0c93a2155560bde1dda3decbc9c3a1cfe5c92f94', '127.0.0.1', 16777215, 0x5f5f63695f6c6173745f726567656e65726174657c693a313632393535303439363b6964656e746974797c733a363a226b616c616c61223b757365726e616d657c733a363a226b616c616c61223b656d61696c7c733a31363a226b616c616c6140676d61696c2e636f6d223b757365725f69647c733a313a2232223b6f6c645f6c6173745f6c6f67696e7c733a32363a22303030302d30302d30302030303a30303a30302e303030303030223b6c6173745f636865636b7c693a313632393535303439363b736974655f6c616e677c733a373a22656e676c697368223b),
('17957a5902344af41448a42ddff82d2c03cb83fc', '127.0.0.1', 16777215, 0x5f5f63695f6c6173745f726567656e65726174657c693a313632393732333431323b6964656e746974797c733a353a2261646d696e223b757365726e616d657c733a353a2261646d696e223b656d61696c7c733a31353a2261646d696e4061646d696e2e636f6d223b757365725f69647c733a313a2231223b6f6c645f6c6173745f6c6f67696e7c733a32363a22303030302d30302d30302030303a30303a30302e303030303030223b6c6173745f636865636b7c693a313632393732323733363b736974655f6c616e677c733a373a22656e676c697368223b),
('18e5232edefbb2041cfe7f2065d19cb7dbedd208', '127.0.0.1', 16777215, 0x5f5f63695f6c6173745f726567656e65726174657c693a313632393534333430323b6964656e746974797c733a363a226b616c616c61223b757365726e616d657c733a363a226b616c616c61223b656d61696c7c733a31363a226b616c616c6140676d61696c2e636f6d223b757365725f69647c733a313a2232223b6f6c645f6c6173745f6c6f67696e7c733a32363a22303030302d30302d30302030303a30303a30302e303030303030223b6c6173745f636865636b7c693a313632393534323139373b736974655f6c616e677c733a373a22656e676c697368223b),
('209d63c888b56d7cef828c1e0a0c96306d05783a', '127.0.0.1', 16777215, 0x5f5f63695f6c6173745f726567656e65726174657c693a313632393435363636363b736974655f6c616e677c733a373a22656e676c697368223b6964656e746974797c733a363a226b616c616c61223b757365726e616d657c733a363a226b616c616c61223b656d61696c7c733a31363a226b616c616c6140676d61696c2e636f6d223b757365725f69647c733a313a2232223b6f6c645f6c6173745f6c6f67696e7c733a32363a22303030302d30302d30302030303a30303a30302e303030303030223b6c6173745f636865636b7c693a313632393435363334343b),
('257a36d66fe0357bdeb352d75ac1ad2b9cf7a95b', '127.0.0.1', 16777215, 0x5f5f63695f6c6173745f726567656e65726174657c693a313632393336393730313b6964656e746974797c733a363a226b616c616c61223b757365726e616d657c733a363a226b616c616c61223b656d61696c7c733a31363a226b616c616c6140676d61696c2e636f6d223b757365725f69647c733a313a2232223b6f6c645f6c6173745f6c6f67696e7c733a32363a22303030302d30302d30302030303a30303a30302e303030303030223b6c6173745f636865636b7c693a313632393336373436343b736974655f6c616e677c733a373a22656e676c697368223b),
('26ba6fb330538ff2d1e76747d81ff3f001c25d53', '127.0.0.1', 16777215, 0x5f5f63695f6c6173745f726567656e65726174657c693a313632393439313634363b736974655f6c616e677c733a373a22656e676c697368223b6964656e746974797c733a363a226b616c616c61223b757365726e616d657c733a363a226b616c616c61223b656d61696c7c733a31363a226b616c616c6140676d61696c2e636f6d223b757365725f69647c733a313a2232223b6f6c645f6c6173745f6c6f67696e7c733a32363a22303030302d30302d30302030303a30303a30302e303030303030223b6c6173745f636865636b7c693a313632393439303333323b),
('28fd610f412df7f37cc6cd8b596a73447296a03e', '127.0.0.1', 16777215, 0x5f5f63695f6c6173745f726567656e65726174657c693a313632393439323637363b6964656e746974797c733a363a226b616c616c61223b757365726e616d657c733a363a226b616c616c61223b656d61696c7c733a31363a226b616c616c6140676d61696c2e636f6d223b757365725f69647c733a313a2232223b6f6c645f6c6173745f6c6f67696e7c733a32363a22303030302d30302d30302030303a30303a30302e303030303030223b6c6173745f636865636b7c693a313632393439323637363b736974655f6c616e677c733a373a22656e676c697368223b),
('29d8bddc8744c6541c0686419bea2582b91a31a6', '127.0.0.1', 16777215, 0x5f5f63695f6c6173745f726567656e65726174657c693a313632393435353730383b6964656e746974797c733a363a226b616c616c61223b757365726e616d657c733a363a226b616c616c61223b656d61696c7c733a31363a226b616c616c6140676d61696c2e636f6d223b757365725f69647c733a313a2232223b6f6c645f6c6173745f6c6f67696e7c733a32363a22303030302d30302d30302030303a30303a30302e303030303030223b6c6173745f636865636b7c693a313632393435313538343b736974655f6c616e677c733a373a22656e676c697368223b),
('2e2ecc07d8a196860655d49c5f167fd2fe768624', '127.0.0.1', 16777215, 0x5f5f63695f6c6173745f726567656e65726174657c693a313632393534303236333b6964656e746974797c733a363a226b616c616c61223b757365726e616d657c733a363a226b616c616c61223b656d61696c7c733a31363a226b616c616c6140676d61696c2e636f6d223b757365725f69647c733a313a2232223b6f6c645f6c6173745f6c6f67696e7c733a32363a22303030302d30302d30302030303a30303a30302e303030303030223b6c6173745f636865636b7c693a313632393533383632343b736974655f6c616e677c733a373a22656e676c697368223b),
('2fd045b94dc3c1caba193699b6d4746ff77d5dfb', '127.0.0.1', 16777215, 0x5f5f63695f6c6173745f726567656e65726174657c693a313632393535303435343b6d6573736167657c733a3130383a223c703e436f6d7074652074656d706f72616972656d656e7420626c6f7175c3a920737569746520c3a02064652074726f70206e6f6d627265757365732074656e746174697665732e2020566575696c6c657a2072c3a96573736179657220706c757320746172642e3c2f703e223b5f5f63695f766172737c613a313a7b733a373a226d657373616765223b733a333a226f6c64223b7d),
('32328c55d00a4e681eff58ec470b48155dd2ae57', '127.0.0.1', 16777215, 0x5f5f63695f6c6173745f726567656e65726174657c693a313632393337343538393b6964656e746974797c733a363a226b616c616c61223b757365726e616d657c733a363a226b616c616c61223b656d61696c7c733a31363a226b616c616c6140676d61696c2e636f6d223b757365725f69647c733a313a2232223b6f6c645f6c6173745f6c6f67696e7c733a32363a22303030302d30302d30302030303a30303a30302e303030303030223b6c6173745f636865636b7c693a313632393336373436343b736974655f6c616e677c733a373a22656e676c697368223b),
('35b2fac108eb308dbd6e28a63ac5b5ad57706e18', '127.0.0.1', 16777215, 0x5f5f63695f6c6173745f726567656e65726174657c693a313632393534383634303b736974655f6c616e677c733a373a22656e676c697368223b6d6573736167657c733a3130383a223c703e436f6d7074652074656d706f72616972656d656e7420626c6f7175c3a920737569746520c3a02064652074726f70206e6f6d627265757365732074656e746174697665732e2020566575696c6c657a2072c3a96573736179657220706c757320746172642e3c2f703e223b5f5f63695f766172737c613a313a7b733a373a226d657373616765223b733a333a226f6c64223b7d),
('35da71a7785a4421c87fe7d850177706a8425f71', '127.0.0.1', 16777215, 0x5f5f63695f6c6173745f726567656e65726174657c693a313632393337323837333b6964656e746974797c733a363a226b616c616c61223b757365726e616d657c733a363a226b616c616c61223b656d61696c7c733a31363a226b616c616c6140676d61696c2e636f6d223b757365725f69647c733a313a2232223b6f6c645f6c6173745f6c6f67696e7c733a32363a22303030302d30302d30302030303a30303a30302e303030303030223b6c6173745f636865636b7c693a313632393336373436343b736974655f6c616e677c733a373a22656e676c697368223b),
('39fee0e240b80c494730e881a7ed64713d4e85d0', '127.0.0.1', 16777215, 0x5f5f63695f6c6173745f726567656e65726174657c693a313632393338333730343b6964656e746974797c733a363a226b616c616c61223b757365726e616d657c733a363a226b616c616c61223b656d61696c7c733a31363a226b616c616c6140676d61696c2e636f6d223b757365725f69647c733a313a2232223b6f6c645f6c6173745f6c6f67696e7c733a32363a22303030302d30302d30302030303a30303a30302e303030303030223b6c6173745f636865636b7c693a313632393336373436343b736974655f6c616e677c733a373a22656e676c697368223b),
('3df312d604088b9365547d634c360e437a9aac41', '127.0.0.1', 16777215, 0x5f5f63695f6c6173745f726567656e65726174657c693a313632393732323636313b736974655f6c616e677c733a373a22656e676c697368223b6964656e746974797c733a353a2261646d696e223b757365726e616d657c733a353a2261646d696e223b656d61696c7c733a31353a2261646d696e4061646d696e2e636f6d223b757365725f69647c733a313a2231223b6f6c645f6c6173745f6c6f67696e7c733a32363a22303030302d30302d30302030303a30303a30302e303030303030223b6c6173745f636865636b7c693a313632393731383039353b),
('40334873899c07a5449817e69d7a4fe988e9fa5e', '127.0.0.1', 16777215, 0x5f5f63695f6c6173745f726567656e65726174657c693a313632393438393133323b736974655f6c616e677c733a373a22656e676c697368223b6964656e746974797c733a353a2261646d696e223b757365726e616d657c733a353a2261646d696e223b656d61696c7c733a31353a2261646d696e4061646d696e2e636f6d223b757365725f69647c733a313a2231223b6f6c645f6c6173745f6c6f67696e7c733a32363a22303030302d30302d30302030303a30303a30302e303030303030223b6c6173745f636865636b7c693a313632393438383830383b),
('41c357ed4ab784462ccf5c22dbdf7df3ba3fa364', '127.0.0.1', 16777215, 0x5f5f63695f6c6173745f726567656e65726174657c693a313632393435343233363b6964656e746974797c733a363a226b616c616c61223b757365726e616d657c733a363a226b616c616c61223b656d61696c7c733a31363a226b616c616c6140676d61696c2e636f6d223b757365725f69647c733a313a2232223b6f6c645f6c6173745f6c6f67696e7c733a32363a22303030302d30302d30302030303a30303a30302e303030303030223b6c6173745f636865636b7c693a313632393435313538343b736974655f6c616e677c733a373a22656e676c697368223b),
('45aae9f5f3dd3ed229af0968377fc63357be4b6e', '127.0.0.1', 16777215, 0x5f5f63695f6c6173745f726567656e65726174657c693a313632393732333130373b6964656e746974797c733a353a2261646d696e223b757365726e616d657c733a353a2261646d696e223b656d61696c7c733a31353a2261646d696e4061646d696e2e636f6d223b757365725f69647c733a313a2231223b6f6c645f6c6173745f6c6f67696e7c733a32363a22303030302d30302d30302030303a30303a30302e303030303030223b6c6173745f636865636b7c693a313632393732323733363b736974655f6c616e677c733a373a22656e676c697368223b),
('49a61913628a74d526334dadc49f3d8e3382b4a8', '127.0.0.1', 16777215, 0x5f5f63695f6c6173745f726567656e65726174657c693a313632393534363733353b6964656e746974797c733a363a226b616c616c61223b757365726e616d657c733a363a226b616c616c61223b656d61696c7c733a31363a226b616c616c6140676d61696c2e636f6d223b757365725f69647c733a313a2232223b6f6c645f6c6173745f6c6f67696e7c733a32363a22303030302d30302d30302030303a30303a30302e303030303030223b6c6173745f636865636b7c693a313632393534323139373b736974655f6c616e677c733a373a22656e676c697368223b),
('4f68917ac368b3463cad83037b2a2a808feaa9bc', '127.0.0.1', 16777215, 0x5f5f63695f6c6173745f726567656e65726174657c693a313632393534323137313b6964656e746974797c733a363a226b616c616c61223b757365726e616d657c733a363a226b616c616c61223b656d61696c7c733a31363a226b616c616c6140676d61696c2e636f6d223b757365725f69647c733a313a2232223b6f6c645f6c6173745f6c6f67696e7c733a32363a22303030302d30302d30302030303a30303a30302e303030303030223b6c6173745f636865636b7c693a313632393533383632343b736974655f6c616e677c733a373a22656e676c697368223b),
('5026f82ba595db7f02035aef30031c647965717d', '127.0.0.1', 16777215, 0x5f5f63695f6c6173745f726567656e65726174657c693a313632393530303935343b736974655f6c616e677c733a373a22656e676c697368223b6964656e746974797c733a363a226b616c616c61223b757365726e616d657c733a363a226b616c616c61223b656d61696c7c733a31363a226b616c616c6140676d61696c2e636f6d223b757365725f69647c733a313a2232223b6f6c645f6c6173745f6c6f67696e7c733a32363a22303030302d30302d30302030303a30303a30302e303030303030223b6c6173745f636865636b7c693a313632393439353738353b),
('540ba72a0f1e231a7557d9999a56cd3efeec0a14', '127.0.0.1', 16777215, 0x5f5f63695f6c6173745f726567656e65726174657c693a313632393438383339353b736974655f6c616e677c733a373a22656e676c697368223b6964656e746974797c733a353a2261646d696e223b757365726e616d657c733a353a2261646d696e223b656d61696c7c733a31353a2261646d696e4061646d696e2e636f6d223b757365725f69647c733a313a2231223b6f6c645f6c6173745f6c6f67696e7c733a32363a22303030302d30302d30302030303a30303a30302e303030303030223b6c6173745f636865636b7c693a313632393438373337393b),
('58e8cdbb9b0196ca55b00b5710fb45bde3b7a861', '127.0.0.1', 16777215, 0x5f5f63695f6c6173745f726567656e65726174657c693a313632393438383639383b736974655f6c616e677c733a373a22656e676c697368223b6964656e746974797c733a353a2261646d696e223b757365726e616d657c733a353a2261646d696e223b656d61696c7c733a31353a2261646d696e4061646d696e2e636f6d223b757365725f69647c733a313a2231223b6f6c645f6c6173745f6c6f67696e7c733a32363a22303030302d30302d30302030303a30303a30302e303030303030223b6c6173745f636865636b7c693a313632393438373337393b),
('5a8061f4631c67b970779c0476b58a5d73f443f0', '127.0.0.1', 16777215, 0x5f5f63695f6c6173745f726567656e65726174657c693a313632393435363736383b6964656e746974797c733a363a226b616c616c61223b757365726e616d657c733a363a226b616c616c61223b656d61696c7c733a31363a226b616c616c6140676d61696c2e636f6d223b757365725f69647c733a313a2232223b6f6c645f6c6173745f6c6f67696e7c733a32363a22303030302d30302d30302030303a30303a30302e303030303030223b6c6173745f636865636b7c693a313632393435363736383b736974655f6c616e677c733a373a22656e676c697368223b),
('5ccc23325dd8c97c6443794b6d665b9fda2bb6ab', '127.0.0.1', 16777215, 0x5f5f63695f6c6173745f726567656e65726174657c693a313632393534373333313b6964656e746974797c733a353a2261646d696e223b757365726e616d657c733a353a2261646d696e223b656d61696c7c733a31353a2261646d696e4061646d696e2e636f6d223b757365725f69647c733a313a2231223b6f6c645f6c6173745f6c6f67696e7c733a32363a22303030302d30302d30302030303a30303a30302e303030303030223b6c6173745f636865636b7c693a313632393534373032373b736974655f6c616e677c733a373a22656e676c697368223b),
('5d757f594cd74eddc54716f4b004eedcb9853ee7', '127.0.0.1', 16777215, 0x5f5f63695f6c6173745f726567656e65726174657c693a313632393435333131353b6964656e746974797c733a363a226b616c616c61223b757365726e616d657c733a363a226b616c616c61223b656d61696c7c733a31363a226b616c616c6140676d61696c2e636f6d223b757365725f69647c733a313a2232223b6f6c645f6c6173745f6c6f67696e7c733a32363a22303030302d30302d30302030303a30303a30302e303030303030223b6c6173745f636865636b7c693a313632393435313538343b736974655f6c616e677c733a373a22656e676c697368223b),
('5e2127ce347df900aa6744bf3e2049f7cdd4f4a3', '127.0.0.1', 16777215, 0x5f5f63695f6c6173745f726567656e65726174657c693a313632393337343839383b6964656e746974797c733a363a226b616c616c61223b757365726e616d657c733a363a226b616c616c61223b656d61696c7c733a31363a226b616c616c6140676d61696c2e636f6d223b757365725f69647c733a313a2232223b6f6c645f6c6173745f6c6f67696e7c733a32363a22303030302d30302d30302030303a30303a30302e303030303030223b6c6173745f636865636b7c693a313632393336373436343b736974655f6c616e677c733a373a22656e676c697368223b),
('5e4de1fa92e5594e6f5ce1f1e50001e295de309e', '127.0.0.1', 16777215, 0x5f5f63695f6c6173745f726567656e65726174657c693a313632393438373935333b736974655f6c616e677c733a373a22656e676c697368223b6964656e746974797c733a353a2261646d696e223b757365726e616d657c733a353a2261646d696e223b656d61696c7c733a31353a2261646d696e4061646d696e2e636f6d223b757365725f69647c733a313a2231223b6f6c645f6c6173745f6c6f67696e7c733a32363a22303030302d30302d30302030303a30303a30302e303030303030223b6c6173745f636865636b7c693a313632393438373337393b),
('60264b61cf52f5bd251912530c99d5d6461473ec', '127.0.0.1', 16777215, 0x5f5f63695f6c6173745f726567656e65726174657c693a313632393439303136363b6964656e746974797c733a363a226b616c616c61223b757365726e616d657c733a363a226b616c616c61223b656d61696c7c733a31363a226b616c616c6140676d61696c2e636f6d223b757365725f69647c733a313a2232223b6f6c645f6c6173745f6c6f67696e7c733a32363a22303030302d30302d30302030303a30303a30302e303030303030223b6c6173745f636865636b7c693a313632393438393634323b736974655f6c616e677c733a373a22656e676c697368223b),
('6687f08705bc2495668c20bad28e464d063889cb', '127.0.0.1', 16777215, 0x5f5f63695f6c6173745f726567656e65726174657c693a313632393435333433343b6964656e746974797c733a363a226b616c616c61223b757365726e616d657c733a363a226b616c616c61223b656d61696c7c733a31363a226b616c616c6140676d61696c2e636f6d223b757365725f69647c733a313a2232223b6f6c645f6c6173745f6c6f67696e7c733a32363a22303030302d30302d30302030303a30303a30302e303030303030223b6c6173745f636865636b7c693a313632393435313538343b736974655f6c616e677c733a373a22656e676c697368223b),
('671e69c4a8a7c8bff384f2a2b282b324db244164', '127.0.0.1', 16777215, 0x5f5f63695f6c6173745f726567656e65726174657c693a313632393439343539343b6964656e746974797c733a363a226b616c616c61223b757365726e616d657c733a363a226b616c616c61223b656d61696c7c733a31363a226b616c616c6140676d61696c2e636f6d223b757365725f69647c733a313a2232223b6f6c645f6c6173745f6c6f67696e7c733a32363a22303030302d30302d30302030303a30303a30302e303030303030223b6c6173745f636865636b7c693a313632393439333638303b736974655f6c616e677c733a373a22656e676c697368223b),
('67c658bd1971b8c0b718f91d4e6adcb2232d4af2', '127.0.0.1', 16777215, 0x5f5f63695f6c6173745f726567656e65726174657c693a313632393337323232303b6964656e746974797c733a363a226b616c616c61223b757365726e616d657c733a363a226b616c616c61223b656d61696c7c733a31363a226b616c616c6140676d61696c2e636f6d223b757365725f69647c733a313a2232223b6f6c645f6c6173745f6c6f67696e7c733a32363a22303030302d30302d30302030303a30303a30302e303030303030223b6c6173745f636865636b7c693a313632393336373436343b736974655f6c616e677c733a373a22656e676c697368223b),
('6b380a294372154e03c874b6a5492dc96e4d24f0', '127.0.0.1', 16777215, 0x5f5f63695f6c6173745f726567656e65726174657c693a313632393732333830313b6964656e746974797c733a353a2261646d696e223b757365726e616d657c733a353a2261646d696e223b656d61696c7c733a31353a2261646d696e4061646d696e2e636f6d223b757365725f69647c733a313a2231223b6f6c645f6c6173745f6c6f67696e7c733a32363a22303030302d30302d30302030303a30303a30302e303030303030223b6c6173745f636865636b7c693a313632393732323733363b736974655f6c616e677c733a373a22656e676c697368223b),
('6c226948b4d3e45e18b805a4119cb2ec95f1ae08', '127.0.0.1', 16777215, 0x5f5f63695f6c6173745f726567656e65726174657c693a313632393731393339363b736974655f6c616e677c733a373a22656e676c697368223b6964656e746974797c733a353a2261646d696e223b757365726e616d657c733a353a2261646d696e223b656d61696c7c733a31353a2261646d696e4061646d696e2e636f6d223b757365725f69647c733a313a2231223b6f6c645f6c6173745f6c6f67696e7c733a32363a22303030302d30302d30302030303a30303a30302e303030303030223b6c6173745f636865636b7c693a313632393731383039353b),
('72d3eb437bc78df047b6b4525f507432dea09b9c', '127.0.0.1', 16777215, 0x5f5f63695f6c6173745f726567656e65726174657c693a313632393439323538383b6964656e746974797c733a353a2261646d696e223b757365726e616d657c733a353a2261646d696e223b656d61696c7c733a31353a2261646d696e4061646d696e2e636f6d223b757365725f69647c733a313a2231223b6f6c645f6c6173745f6c6f67696e7c733a32363a22303030302d30302d30302030303a30303a30302e303030303030223b6c6173745f636865636b7c693a313632393439313734343b736974655f6c616e677c733a373a22656e676c697368223b),
('73163a163123e184a23b99a11fb209ba3c35fcce', '127.0.0.1', 16777215, 0x5f5f63695f6c6173745f726567656e65726174657c693a313632393534383336383b6d6573736167657c733a33343a223c703e457272657572206c6f7273206465206c6120636f6e6e6578696f6e3c2f703e223b5f5f63695f766172737c613a313a7b733a373a226d657373616765223b733a333a226f6c64223b7d),
('73f64c010c71ba1d40a23b6cc36bef069cc957e3', '127.0.0.1', 16777215, 0x5f5f63695f6c6173745f726567656e65726174657c693a313632393439313334323b736974655f6c616e677c733a373a22656e676c697368223b6964656e746974797c733a363a226b616c616c61223b757365726e616d657c733a363a226b616c616c61223b656d61696c7c733a31363a226b616c616c6140676d61696c2e636f6d223b757365725f69647c733a313a2232223b6f6c645f6c6173745f6c6f67696e7c733a32363a22303030302d30302d30302030303a30303a30302e303030303030223b6c6173745f636865636b7c693a313632393439303333323b),
('759b1f5530d4f6f3f39f193f65fde3aef07fd8e2', '127.0.0.1', 16777215, 0x5f5f63695f6c6173745f726567656e65726174657c693a313632393337353633383b6964656e746974797c733a363a226b616c616c61223b757365726e616d657c733a363a226b616c616c61223b656d61696c7c733a31363a226b616c616c6140676d61696c2e636f6d223b757365725f69647c733a313a2232223b6f6c645f6c6173745f6c6f67696e7c733a32363a22303030302d30302d30302030303a30303a30302e303030303030223b6c6173745f636865636b7c693a313632393336373436343b736974655f6c616e677c733a373a22656e676c697368223b),
('78d6051dcfdbc6e597dd9ca242c5b191b421dd65', '127.0.0.1', 16777215, 0x5f5f63695f6c6173745f726567656e65726174657c693a313632393338333730343b6964656e746974797c733a363a226b616c616c61223b757365726e616d657c733a363a226b616c616c61223b656d61696c7c733a31363a226b616c616c6140676d61696c2e636f6d223b757365725f69647c733a313a2232223b6f6c645f6c6173745f6c6f67696e7c733a32363a22303030302d30302d30302030303a30303a30302e303030303030223b6c6173745f636865636b7c693a313632393336373436343b736974655f6c616e677c733a373a22656e676c697368223b),
('7d4873ccbcd7b9e0d4daaaaf9d3244d6abd6a504', '127.0.0.1', 16777215, 0x5f5f63695f6c6173745f726567656e65726174657c693a313632393439353034393b6964656e746974797c733a363a226b616c616c61223b757365726e616d657c733a363a226b616c616c61223b656d61696c7c733a31363a226b616c616c6140676d61696c2e636f6d223b757365725f69647c733a313a2232223b6f6c645f6c6173745f6c6f67696e7c733a32363a22303030302d30302d30302030303a30303a30302e303030303030223b6c6173745f636865636b7c693a313632393439333638303b736974655f6c616e677c733a373a22656e676c697368223b),
('7dd1dbe62f73b21866f2a02561885aa880c2f68a', '127.0.0.1', 16777215, 0x5f5f63695f6c6173745f726567656e65726174657c693a313632393435363636363b736974655f6c616e677c733a373a22656e676c697368223b6964656e746974797c733a363a226b616c616c61223b757365726e616d657c733a363a226b616c616c61223b656d61696c7c733a31363a226b616c616c6140676d61696c2e636f6d223b757365725f69647c733a313a2232223b6f6c645f6c6173745f6c6f67696e7c733a32363a22303030302d30302d30302030303a30303a30302e303030303030223b6c6173745f636865636b7c693a313632393435363334343b),
('82078aaa2acd9b47f757e3c967e12ebddc0a7d5c', '127.0.0.1', 16777215, 0x5f5f63695f6c6173745f726567656e65726174657c693a313632393534373634363b6964656e746974797c733a353a2261646d696e223b757365726e616d657c733a353a2261646d696e223b656d61696c7c733a31353a2261646d696e4061646d696e2e636f6d223b757365725f69647c733a313a2231223b6f6c645f6c6173745f6c6f67696e7c733a32363a22303030302d30302d30302030303a30303a30302e303030303030223b6c6173745f636865636b7c693a313632393534373032373b736974655f6c616e677c733a373a22656e676c697368223b),
('834df9a1a46e450a711b9608969585aa439607f2', '127.0.0.1', 16777215, 0x5f5f63695f6c6173745f726567656e65726174657c693a313632393439303136363b6964656e746974797c733a363a226b616c616c61223b757365726e616d657c733a363a226b616c616c61223b656d61696c7c733a31363a226b616c616c6140676d61696c2e636f6d223b757365725f69647c733a313a2232223b6f6c645f6c6173745f6c6f67696e7c733a32363a22303030302d30302d30302030303a30303a30302e303030303030223b6c6173745f636865636b7c693a313632393438393634323b736974655f6c616e677c733a373a22656e676c697368223b),
('83c9ba7e4154796ec5ba33ecf5e99b4de74d2845', '127.0.0.1', 16777215, 0x5f5f63695f6c6173745f726567656e65726174657c693a313632393338313234353b6964656e746974797c733a363a226b616c616c61223b757365726e616d657c733a363a226b616c616c61223b656d61696c7c733a31363a226b616c616c6140676d61696c2e636f6d223b757365725f69647c733a313a2232223b6f6c645f6c6173745f6c6f67696e7c733a32363a22303030302d30302d30302030303a30303a30302e303030303030223b6c6173745f636865636b7c693a313632393336373436343b736974655f6c616e677c733a373a22656e676c697368223b),
('86da7f72253e5a564b60fcae9227cdcec78749f6', '127.0.0.1', 16777215, 0x5f5f63695f6c6173745f726567656e65726174657c693a313632393435313230363b736974655f6c616e677c733a373a22656e676c697368223b6964656e746974797c733a363a226b616c616c61223b757365726e616d657c733a363a226b616c616c61223b656d61696c7c733a31363a226b616c616c6140676d61696c2e636f6d223b757365725f69647c733a313a2232223b6f6c645f6c6173745f6c6f67696e7c733a32363a22303030302d30302d30302030303a30303a30302e303030303030223b6c6173745f636865636b7c693a313632393434383935303b),
('8885ab4876a1a4b865ec4d2bf1f9f6b34b349a31', '127.0.0.1', 16777215, 0x5f5f63695f6c6173745f726567656e65726174657c693a313632393435363033313b6964656e746974797c733a363a226b616c616c61223b757365726e616d657c733a363a226b616c616c61223b656d61696c7c733a31363a226b616c616c6140676d61696c2e636f6d223b757365725f69647c733a313a2232223b6f6c645f6c6173745f6c6f67696e7c733a32363a22303030302d30302d30302030303a30303a30302e303030303030223b6c6173745f636865636b7c693a313632393435313538343b736974655f6c616e677c733a373a22656e676c697368223b),
('8dac86ed27a5e7a7f40423fa52896572373c6194', '127.0.0.1', 16777215, 0x5f5f63695f6c6173745f726567656e65726174657c693a313632393438373332303b6964656e746974797c733a363a226b616c616c61223b757365726e616d657c733a363a226b616c616c61223b656d61696c7c733a31363a226b616c616c6140676d61696c2e636f6d223b757365725f69647c733a313a2232223b6f6c645f6c6173745f6c6f67696e7c733a32363a22303030302d30302d30302030303a30303a30302e303030303030223b6c6173745f636865636b7c693a313632393438363835383b736974655f6c616e677c733a373a22656e676c697368223b),
('90b016bd51e218c59ca3f86a0a9c0ad5a8bb6462', '127.0.0.1', 16777215, 0x5f5f63695f6c6173745f726567656e65726174657c693a313632393439353636323b736974655f6c616e677c733a373a22656e676c697368223b6964656e746974797c733a353a2261646d696e223b757365726e616d657c733a353a2261646d696e223b656d61696c7c733a31353a2261646d696e4061646d696e2e636f6d223b757365725f69647c733a313a2231223b6f6c645f6c6173745f6c6f67696e7c733a32363a22303030302d30302d30302030303a30303a30302e303030303030223b6c6173745f636865636b7c693a313632393439353636323b),
('92cf58ad577ffe577006c4b33240ab13060b8c52', '127.0.0.1', 16777215, 0x5f5f63695f6c6173745f726567656e65726174657c693a313632393732323636313b736974655f6c616e677c733a373a22656e676c697368223b6964656e746974797c733a353a2261646d696e223b757365726e616d657c733a353a2261646d696e223b656d61696c7c733a31353a2261646d696e4061646d696e2e636f6d223b757365725f69647c733a313a2231223b6f6c645f6c6173745f6c6f67696e7c733a32363a22303030302d30302d30302030303a30303a30302e303030303030223b6c6173745f636865636b7c693a313632393731383039353b),
('9403991e7c6bbb3a220209b77b8246b17275ac84', '127.0.0.1', 16777215, 0x5f5f63695f6c6173745f726567656e65726174657c693a313632393439333939303b6964656e746974797c733a363a226b616c616c61223b757365726e616d657c733a363a226b616c616c61223b656d61696c7c733a31363a226b616c616c6140676d61696c2e636f6d223b757365725f69647c733a313a2232223b6f6c645f6c6173745f6c6f67696e7c733a32363a22303030302d30302d30302030303a30303a30302e303030303030223b6c6173745f636865636b7c693a313632393439333638303b736974655f6c616e677c733a373a22656e676c697368223b),
('99f9873a1f77d025765b84fb1f86ac92e8bcebb9', '127.0.0.1', 16777215, 0x5f5f63695f6c6173745f726567656e65726174657c693a313632393337333230343b6964656e746974797c733a363a226b616c616c61223b757365726e616d657c733a363a226b616c616c61223b656d61696c7c733a31363a226b616c616c6140676d61696c2e636f6d223b757365725f69647c733a313a2232223b6f6c645f6c6173745f6c6f67696e7c733a32363a22303030302d30302d30302030303a30303a30302e303030303030223b6c6173745f636865636b7c693a313632393336373436343b736974655f6c616e677c733a373a22656e676c697368223b),
('a412b30a850c5ab2640d121e7100af575eb38e28', '127.0.0.1', 16777215, 0x5f5f63695f6c6173745f726567656e65726174657c693a313632393439303633363b736974655f6c616e677c733a373a22656e676c697368223b6964656e746974797c733a363a226b616c616c61223b757365726e616d657c733a363a226b616c616c61223b656d61696c7c733a31363a226b616c616c6140676d61696c2e636f6d223b757365725f69647c733a313a2232223b6f6c645f6c6173745f6c6f67696e7c733a32363a22303030302d30302d30302030303a30303a30302e303030303030223b6c6173745f636865636b7c693a313632393439303333323b),
('a561f398fcfa82177c3feb0075a84b37b8e65ab5', '127.0.0.1', 16777215, 0x5f5f63695f6c6173745f726567656e65726174657c693a313632393732333830313b6964656e746974797c733a353a2261646d696e223b757365726e616d657c733a353a2261646d696e223b656d61696c7c733a31353a2261646d696e4061646d696e2e636f6d223b757365725f69647c733a313a2231223b6f6c645f6c6173745f6c6f67696e7c733a32363a22303030302d30302d30302030303a30303a30302e303030303030223b6c6173745f636865636b7c693a313632393732323733363b736974655f6c616e677c733a373a22656e676c697368223b),
('a69a622d8650490de631053ca5f9a3f8caca9b00', '127.0.0.1', 16777215, 0x5f5f63695f6c6173745f726567656e65726174657c693a313632393534373937373b6964656e746974797c733a353a2261646d696e223b757365726e616d657c733a353a2261646d696e223b656d61696c7c733a31353a2261646d696e4061646d696e2e636f6d223b757365725f69647c733a313a2231223b6f6c645f6c6173745f6c6f67696e7c733a32363a22303030302d30302d30302030303a30303a30302e303030303030223b6c6173745f636865636b7c693a313632393534373032373b736974655f6c616e677c733a373a22656e676c697368223b),
('a6dab63fd5165f041a8bd4eec914bd1369de52f7', '127.0.0.1', 16777215, 0x5f5f63695f6c6173745f726567656e65726174657c693a313632393338303530303b6964656e746974797c733a363a226b616c616c61223b757365726e616d657c733a363a226b616c616c61223b656d61696c7c733a31363a226b616c616c6140676d61696c2e636f6d223b757365725f69647c733a313a2232223b6f6c645f6c6173745f6c6f67696e7c733a32363a22303030302d30302d30302030303a30303a30302e303030303030223b6c6173745f636865636b7c693a313632393336373436343b736974655f6c616e677c733a373a22656e676c697368223b),
('a701a8bfb6de52c8e124ccd5ee81bc63db0ab6dc', '127.0.0.1', 16777215, 0x5f5f63695f6c6173745f726567656e65726174657c693a313632393534333030323b6964656e746974797c733a363a226b616c616c61223b757365726e616d657c733a363a226b616c616c61223b656d61696c7c733a31363a226b616c616c6140676d61696c2e636f6d223b757365725f69647c733a313a2232223b6f6c645f6c6173745f6c6f67696e7c733a32363a22303030302d30302d30302030303a30303a30302e303030303030223b6c6173745f636865636b7c693a313632393534323139373b736974655f6c616e677c733a373a22656e676c697368223b),
('a94364ca3a39029258cb9d9c775e81277587e861', '127.0.0.1', 16777215, 0x5f5f63695f6c6173745f726567656e65726174657c693a313632393439303939363b736974655f6c616e677c733a373a22656e676c697368223b6964656e746974797c733a363a226b616c616c61223b757365726e616d657c733a363a226b616c616c61223b656d61696c7c733a31363a226b616c616c6140676d61696c2e636f6d223b757365725f69647c733a313a2232223b6f6c645f6c6173745f6c6f67696e7c733a32363a22303030302d30302d30302030303a30303a30302e303030303030223b6c6173745f636865636b7c693a313632393439303333323b),
('ad8bfc9346b4a090d4b806423c331bf0522803e1', '127.0.0.1', 16777215, 0x5f5f63695f6c6173745f726567656e65726174657c693a313632393438383639383b736974655f6c616e677c733a373a22656e676c697368223b6964656e746974797c733a353a2261646d696e223b757365726e616d657c733a353a2261646d696e223b656d61696c7c733a31353a2261646d696e4061646d696e2e636f6d223b757365725f69647c733a313a2231223b6f6c645f6c6173745f6c6f67696e7c733a32363a22303030302d30302d30302030303a30303a30302e303030303030223b6c6173745f636865636b7c693a313632393438373337393b),
('afd6874cc3c74d8024130d0fa07b2edfe1846e97', '127.0.0.1', 16777215, 0x5f5f63695f6c6173745f726567656e65726174657c693a313632393533393935363b6964656e746974797c733a363a226b616c616c61223b757365726e616d657c733a363a226b616c616c61223b656d61696c7c733a31363a226b616c616c6140676d61696c2e636f6d223b757365725f69647c733a313a2232223b6f6c645f6c6173745f6c6f67696e7c733a32363a22303030302d30302d30302030303a30303a30302e303030303030223b6c6173745f636865636b7c693a313632393533383632343b736974655f6c616e677c733a373a22656e676c697368223b),
('b531582005a1fb894239f32be272e65f7356f6bb', '127.0.0.1', 16777215, 0x5f5f63695f6c6173745f726567656e65726174657c693a313632393732313838363b736974655f6c616e677c733a373a22656e676c697368223b6964656e746974797c733a353a2261646d696e223b757365726e616d657c733a353a2261646d696e223b656d61696c7c733a31353a2261646d696e4061646d696e2e636f6d223b757365725f69647c733a313a2231223b6f6c645f6c6173745f6c6f67696e7c733a32363a22303030302d30302d30302030303a30303a30302e303030303030223b6c6173745f636865636b7c693a313632393731383039353b),
('b6bf9b9ffc2afc0064de256fca1378a93bd22163', '127.0.0.1', 16777215, 0x5f5f63695f6c6173745f726567656e65726174657c693a313632393439353432313b6964656e746974797c733a353a2261646d696e223b757365726e616d657c733a353a2261646d696e223b656d61696c7c733a31353a2261646d696e4061646d696e2e636f6d223b757365725f69647c733a313a2231223b6f6c645f6c6173745f6c6f67696e7c733a32363a22303030302d30302d30302030303a30303a30302e303030303030223b6c6173745f636865636b7c693a313632393439353035353b736974655f6c616e677c733a373a22656e676c697368223b),
('b6ce8779ad41fa8dfb30ae7306a97704f1c197c5', '127.0.0.1', 16777215, 0x5f5f63695f6c6173745f726567656e65726174657c693a313632393439333037343b6964656e746974797c733a353a2261646d696e223b757365726e616d657c733a353a2261646d696e223b656d61696c7c733a31353a2261646d696e4061646d696e2e636f6d223b757365725f69647c733a313a2231223b6f6c645f6c6173745f6c6f67696e7c733a32363a22303030302d30302d30302030303a30303a30302e303030303030223b6c6173745f636865636b7c693a313632393439333037343b736974655f6c616e677c733a373a22656e676c697368223b),
('b8853f7d1c31cddd521478525f603734a689bfad', '127.0.0.1', 16777215, 0x5f5f63695f6c6173745f726567656e65726174657c693a313632393534363033323b6964656e746974797c733a363a226b616c616c61223b757365726e616d657c733a363a226b616c616c61223b656d61696c7c733a31363a226b616c616c6140676d61696c2e636f6d223b757365725f69647c733a313a2232223b6f6c645f6c6173745f6c6f67696e7c733a32363a22303030302d30302d30302030303a30303a30302e303030303030223b6c6173745f636865636b7c693a313632393534323139373b736974655f6c616e677c733a373a22656e676c697368223b),
('bca3509f1af1b2a9db8867b1f521905407f6951c', '127.0.0.1', 16777215, 0x5f5f63695f6c6173745f726567656e65726174657c693a313632393337393735373b6964656e746974797c733a363a226b616c616c61223b757365726e616d657c733a363a226b616c616c61223b656d61696c7c733a31363a226b616c616c6140676d61696c2e636f6d223b757365725f69647c733a313a2232223b6f6c645f6c6173745f6c6f67696e7c733a32363a22303030302d30302d30302030303a30303a30302e303030303030223b6c6173745f636865636b7c693a313632393336373436343b736974655f6c616e677c733a373a22656e676c697368223b),
('bd6a4f180ecf169ef272442ab30f7cd2b4424e46', '127.0.0.1', 16777215, 0x5f5f63695f6c6173745f726567656e65726174657c693a313632393533393532373b6964656e746974797c733a363a226b616c616c61223b757365726e616d657c733a363a226b616c616c61223b656d61696c7c733a31363a226b616c616c6140676d61696c2e636f6d223b757365725f69647c733a313a2232223b6f6c645f6c6173745f6c6f67696e7c733a32363a22303030302d30302d30302030303a30303a30302e303030303030223b6c6173745f636865636b7c693a313632393533383632343b736974655f6c616e677c733a373a22656e676c697368223b),
('be3279f01499738634d62606c1447791d514ef43', '127.0.0.1', 16777215, 0x5f5f63695f6c6173745f726567656e65726174657c693a313632393439323130383b6964656e746974797c733a353a2261646d696e223b757365726e616d657c733a353a2261646d696e223b656d61696c7c733a31353a2261646d696e4061646d696e2e636f6d223b757365725f69647c733a313a2231223b6f6c645f6c6173745f6c6f67696e7c733a32363a22303030302d30302d30302030303a30303a30302e303030303030223b6c6173745f636865636b7c693a313632393439313734343b736974655f6c616e677c733a373a22656e676c697368223b),
('be8f4214177e0c7461280a848993463e604ec960', '127.0.0.1', 16777215, 0x5f5f63695f6c6173745f726567656e65726174657c693a313632393438373332303b6964656e746974797c733a363a226b616c616c61223b757365726e616d657c733a363a226b616c616c61223b656d61696c7c733a31363a226b616c616c6140676d61696c2e636f6d223b757365725f69647c733a313a2232223b6f6c645f6c6173745f6c6f67696e7c733a32363a22303030302d30302d30302030303a30303a30302e303030303030223b6c6173745f636865636b7c693a313632393438363835383b736974655f6c616e677c733a373a22656e676c697368223b),
('bf331f0ee888e20bb8be91779cb3cd800660e17b', '127.0.0.1', 16777215, 0x5f5f63695f6c6173745f726567656e65726174657c693a313632393533393138343b6964656e746974797c733a363a226b616c616c61223b757365726e616d657c733a363a226b616c616c61223b656d61696c7c733a31363a226b616c616c6140676d61696c2e636f6d223b757365725f69647c733a313a2232223b6f6c645f6c6173745f6c6f67696e7c733a32363a22303030302d30302d30302030303a30303a30302e303030303030223b6c6173745f636865636b7c693a313632393533383632343b736974655f6c616e677c733a373a22656e676c697368223b),
('c0f0e30837ce65ce93821743cf9e325151ff519f', '127.0.0.1', 16777215, 0x5f5f63695f6c6173745f726567656e65726174657c693a313632393337333935373b6964656e746974797c733a363a226b616c616c61223b757365726e616d657c733a363a226b616c616c61223b656d61696c7c733a31363a226b616c616c6140676d61696c2e636f6d223b757365725f69647c733a313a2232223b6f6c645f6c6173745f6c6f67696e7c733a32363a22303030302d30302d30302030303a30303a30302e303030303030223b6c6173745f636865636b7c693a313632393336373436343b736974655f6c616e677c733a373a22656e676c697368223b),
('c2b095ebd21543fafce3602545702174f9cf4a8e', '127.0.0.1', 16777215, 0x5f5f63695f6c6173745f726567656e65726174657c693a313632393631323330383b),
('c3b3390ba89d5a7c4a4a40687b5d66eb7cb96514', '127.0.0.1', 16777215, 0x5f5f63695f6c6173745f726567656e65726174657c693a313632393439353432313b6964656e746974797c733a353a2261646d696e223b757365726e616d657c733a353a2261646d696e223b656d61696c7c733a31353a2261646d696e4061646d696e2e636f6d223b757365725f69647c733a313a2231223b6f6c645f6c6173745f6c6f67696e7c733a32363a22303030302d30302d30302030303a30303a30302e303030303030223b6c6173745f636865636b7c693a313632393439353035353b736974655f6c616e677c733a373a22656e676c697368223b),
('c588d7d2398238c1c764ae086c9ce3eaa92e72eb', '127.0.0.1', 16777215, 0x5f5f63695f6c6173745f726567656e65726174657c693a313632393534383238313b6964656e746974797c733a353a2261646d696e223b757365726e616d657c733a353a2261646d696e223b656d61696c7c733a31353a2261646d696e4061646d696e2e636f6d223b757365725f69647c733a313a2231223b6f6c645f6c6173745f6c6f67696e7c733a32363a22303030302d30302d30302030303a30303a30302e303030303030223b6c6173745f636865636b7c693a313632393534373032373b736974655f6c616e677c733a373a22656e676c697368223b),
('c72f41eca6972b0be45c7fbf053a9cc1b04f843b', '127.0.0.1', 16777215, 0x5f5f63695f6c6173745f726567656e65726174657c693a313632393534363333343b6964656e746974797c733a363a226b616c616c61223b757365726e616d657c733a363a226b616c616c61223b656d61696c7c733a31363a226b616c616c6140676d61696c2e636f6d223b757365725f69647c733a313a2232223b6f6c645f6c6173745f6c6f67696e7c733a32363a22303030302d30302d30302030303a30303a30302e303030303030223b6c6173745f636865636b7c693a313632393534323139373b736974655f6c616e677c733a373a22656e676c697368223b),
('cc4c66378aff34552ea2caed617f1b56f43b14f2', '127.0.0.1', 16777215, 0x5f5f63695f6c6173745f726567656e65726174657c693a313632393439333537363b6964656e746974797c733a353a2261646d696e223b757365726e616d657c733a353a2261646d696e223b656d61696c7c733a31353a2261646d696e4061646d696e2e636f6d223b757365725f69647c733a313a2231223b6f6c645f6c6173745f6c6f67696e7c733a32363a22303030302d30302d30302030303a30303a30302e303030303030223b6c6173745f636865636b7c693a313632393439333039393b736974655f6c616e677c733a373a22656e676c697368223b),
('cef625a3e5c7812454520c31942d739203452edc', '127.0.0.1', 16777215, 0x5f5f63695f6c6173745f726567656e65726174657c693a313632393435343537343b6964656e746974797c733a363a226b616c616c61223b757365726e616d657c733a363a226b616c616c61223b656d61696c7c733a31363a226b616c616c6140676d61696c2e636f6d223b757365725f69647c733a313a2232223b6f6c645f6c6173745f6c6f67696e7c733a32363a22303030302d30302d30302030303a30303a30302e303030303030223b6c6173745f636865636b7c693a313632393435313538343b736974655f6c616e677c733a373a22656e676c697368223b),
('cf4e4d2c87aed3b306a993f93d250e478e45b896', '127.0.0.1', 16777215, 0x5f5f63695f6c6173745f726567656e65726174657c693a313632393732313335373b736974655f6c616e677c733a373a22656e676c697368223b6964656e746974797c733a353a2261646d696e223b757365726e616d657c733a353a2261646d696e223b656d61696c7c733a31353a2261646d696e4061646d696e2e636f6d223b757365725f69647c733a313a2231223b6f6c645f6c6173745f6c6f67696e7c733a32363a22303030302d30302d30302030303a30303a30302e303030303030223b6c6173745f636865636b7c693a313632393731383039353b),
('d71828a1faa0f497c49268e60e75d30e54995856', '127.0.0.1', 16777215, 0x5f5f63695f6c6173745f726567656e65726174657c693a313632393337353239333b6964656e746974797c733a363a226b616c616c61223b757365726e616d657c733a363a226b616c616c61223b656d61696c7c733a31363a226b616c616c6140676d61696c2e636f6d223b757365725f69647c733a313a2232223b6f6c645f6c6173745f6c6f67696e7c733a32363a22303030302d30302d30302030303a30303a30302e303030303030223b6c6173745f636865636b7c693a313632393336373436343b736974655f6c616e677c733a373a22656e676c697368223b),
('d731041976330daef78ee74b393c9ffcbe8c8b48', '127.0.0.1', 16777215, 0x5f5f63695f6c6173745f726567656e65726174657c693a313632393730373435323b736974655f6c616e677c733a373a22656e676c697368223b6d6573736167657c733a33343a223c703e457272657572206c6f7273206465206c6120636f6e6e6578696f6e3c2f703e223b5f5f63695f766172737c613a313a7b733a373a226d657373616765223b733a333a226f6c64223b7d),
('d9d82388ebb14054497d6b069ac97032d24760f0', '127.0.0.1', 16777215, 0x5f5f63695f6c6173745f726567656e65726174657c693a313632393436383531393b736974655f6c616e677c733a373a22656e676c697368223b6964656e746974797c733a363a226b616c616c61223b757365726e616d657c733a363a226b616c616c61223b656d61696c7c733a31363a226b616c616c6140676d61696c2e636f6d223b757365725f69647c733a313a2232223b6f6c645f6c6173745f6c6f67696e7c733a32363a22303030302d30302d30302030303a30303a30302e303030303030223b6c6173745f636865636b7c693a313632393436383531383b),
('da78936dcc44d0aaf498fa456aa0fd431f062391', '127.0.0.1', 16777215, 0x5f5f63695f6c6173745f726567656e65726174657c693a313632393438393433383b736974655f6c616e677c733a373a22656e676c697368223b6964656e746974797c733a353a2261646d696e223b757365726e616d657c733a353a2261646d696e223b656d61696c7c733a31353a2261646d696e4061646d696e2e636f6d223b757365725f69647c733a313a2231223b6f6c645f6c6173745f6c6f67696e7c733a32363a22303030302d30302d30302030303a30303a30302e303030303030223b6c6173745f636865636b7c693a313632393438383830383b),
('dabf6e0b7a9c6bd1ef19af346b57845af053ab32', '127.0.0.1', 16777215, 0x5f5f63695f6c6173745f726567656e65726174657c693a313632393533383533393b736974655f6c616e677c733a373a22656e676c697368223b6964656e746974797c733a363a226b616c616c61223b757365726e616d657c733a363a226b616c616c61223b656d61696c7c733a31363a226b616c616c6140676d61696c2e636f6d223b757365725f69647c733a313a2232223b6f6c645f6c6173745f6c6f67696e7c733a32363a22303030302d30302d30302030303a30303a30302e303030303030223b6c6173745f636865636b7c693a313632393533383533393b),
('db69fbd0e6370dc7de4dce3837bf30a1b38611dc', '127.0.0.1', 16777215, 0x5f5f63695f6c6173745f726567656e65726174657c693a313632393435363033313b6964656e746974797c733a363a226b616c616c61223b757365726e616d657c733a363a226b616c616c61223b656d61696c7c733a31363a226b616c616c6140676d61696c2e636f6d223b757365725f69647c733a313a2232223b6f6c645f6c6173745f6c6f67696e7c733a32363a22303030302d30302d30302030303a30303a30302e303030303030223b6c6173745f636865636b7c693a313632393435313538343b736974655f6c616e677c733a373a22656e676c697368223b),
('f0a77512e828909a66748fe7abf15f073d124324', '127.0.0.1', 16777215, 0x5f5f63695f6c6173745f726567656e65726174657c693a313632393336383935353b6964656e746974797c733a363a226b616c616c61223b757365726e616d657c733a363a226b616c616c61223b656d61696c7c733a31363a226b616c616c6140676d61696c2e636f6d223b757365725f69647c733a313a2232223b6f6c645f6c6173745f6c6f67696e7c733a32363a22303030302d30302d30302030303a30303a30302e303030303030223b6c6173745f636865636b7c693a313632393336373436343b736974655f6c616e677c733a373a22656e676c697368223b),
('f0f2f613a44e1717f920b795b95ac1415da7d06c', '127.0.0.1', 16777215, 0x5f5f63695f6c6173745f726567656e65726174657c693a313632393534353533383b6964656e746974797c733a363a226b616c616c61223b757365726e616d657c733a363a226b616c616c61223b656d61696c7c733a31363a226b616c616c6140676d61696c2e636f6d223b757365725f69647c733a313a2232223b6f6c645f6c6173745f6c6f67696e7c733a32363a22303030302d30302d30302030303a30303a30302e303030303030223b6c6173745f636865636b7c693a313632393534323139373b736974655f6c616e677c733a373a22656e676c697368223b),
('f12857d2d33d1aaa6f4036971989389a88e84cfb', '127.0.0.1', 16777215, 0x5f5f63695f6c6173745f726567656e65726174657c693a313632393732323239323b736974655f6c616e677c733a373a22656e676c697368223b6964656e746974797c733a353a2261646d696e223b757365726e616d657c733a353a2261646d696e223b656d61696c7c733a31353a2261646d696e4061646d696e2e636f6d223b757365725f69647c733a313a2231223b6f6c645f6c6173745f6c6f67696e7c733a32363a22303030302d30302d30302030303a30303a30302e303030303030223b6c6173745f636865636b7c693a313632393731383039353b),
('f786f20509cc5c673c4feb0b56df38203c5bb7c1', '127.0.0.1', 16777215, 0x5f5f63695f6c6173745f726567656e65726174657c693a313632393337343238383b6964656e746974797c733a363a226b616c616c61223b757365726e616d657c733a363a226b616c616c61223b656d61696c7c733a31363a226b616c616c6140676d61696c2e636f6d223b757365725f69647c733a313a2232223b6f6c645f6c6173745f6c6f67696e7c733a32363a22303030302d30302d30302030303a30303a30302e303030303030223b6c6173745f636865636b7c693a313632393336373436343b736974655f6c616e677c733a373a22656e676c697368223b),
('f83b6490bfcf528a321540e36f36c4860ac10bdc', '127.0.0.1', 16777215, 0x5f5f63695f6c6173745f726567656e65726174657c693a313632393435363836313b736974655f6c616e677c733a373a22656e676c697368223b6964656e746974797c733a363a226b616c616c61223b757365726e616d657c733a363a226b616c616c61223b656d61696c7c733a31363a226b616c616c6140676d61696c2e636f6d223b757365725f69647c733a313a2232223b6f6c645f6c6173745f6c6f67696e7c733a32363a22303030302d30302d30302030303a30303a30302e303030303030223b6c6173745f636865636b7c693a313632393435363836313b),
('fe8f39fb5f85cb8a2dcbbf98ba1e11f9578fe253', '127.0.0.1', 16777215, 0x5f5f63695f6c6173745f726567656e65726174657c693a313632393439343239333b6964656e746974797c733a363a226b616c616c61223b757365726e616d657c733a363a226b616c616c61223b656d61696c7c733a31363a226b616c616c6140676d61696c2e636f6d223b757365725f69647c733a313a2232223b6f6c645f6c6173745f6c6f67696e7c733a32363a22303030302d30302d30302030303a30303a30302e303030303030223b6c6173745f636865636b7c693a313632393439333638303b736974655f6c616e677c733a373a22656e676c697368223b),
('ffcf8555b6a7c6a700b6a3f7c3dac6a4ab590b71', '127.0.0.1', 16777215, 0x5f5f63695f6c6173745f726567656e65726174657c693a313632393534323137313b6964656e746974797c733a363a226b616c616c61223b757365726e616d657c733a363a226b616c616c61223b656d61696c7c733a31363a226b616c616c6140676d61696c2e636f6d223b757365725f69647c733a313a2232223b6f6c645f6c6173745f6c6f67696e7c733a32363a22303030302d30302d30302030303a30303a30302e303030303030223b6c6173745f636865636b7c693a313632393533383632343b736974655f6c616e677c733a373a22656e676c697368223b);

-- --------------------------------------------------------

--
-- Stand-in structure for view `critical_stock_view`
-- (See below for the actual view)
--
CREATE TABLE `critical_stock_view` (
`pid` mediumint(4)
,`pcode` varchar(20)
,`pname` varchar(20)
,`uom` varchar(20)
,`min_qty` int(11)
,`actual_quantity` int(4)
);

-- --------------------------------------------------------

--
-- Table structure for table `currency_rate`
--

CREATE TABLE `currency_rate` (
  `rate_id` mediumint(4) NOT NULL,
  `rate` double NOT NULL DEFAULT '2000'
) ENGINE=InnoDB DEFAULT CHARSET=utf8;

--
-- Dumping data for table `currency_rate`
--

INSERT INTO `currency_rate` (`rate_id`, `rate`) VALUES
(1, 2000);

-- --------------------------------------------------------

--
-- Table structure for table `groups`
--

CREATE TABLE `groups` (
  `id` mediumint(8) UNSIGNED NOT NULL,
  `name` varchar(20) NOT NULL,
  `description` varchar(100) NOT NULL
) ENGINE=InnoDB DEFAULT CHARSET=utf8;

--
-- Dumping data for table `groups`
--

INSERT INTO `groups` (`id`, `name`, `description`) VALUES
(1, 'Super', 'Super User'),
(2, 'Admin', 'Administrator'),
(3, 'Facturier', 'Facturier'),
(4, 'Agent stock', 'Agent stock');

-- --------------------------------------------------------

--
-- Table structure for table `groups_permissions`
--

CREATE TABLE `groups_permissions` (
  `id` mediumint(8) UNSIGNED NOT NULL,
  `group_id` mediumint(8) UNSIGNED NOT NULL,
  `perm_id` mediumint(8) UNSIGNED NOT NULL,
  `value` tinyint(4) NOT NULL DEFAULT '0'
) ENGINE=InnoDB DEFAULT CHARSET=utf8;

--
-- Dumping data for table `groups_permissions`
--

INSERT INTO `groups_permissions` (`id`, `group_id`, `perm_id`, `value`) VALUES
(1, 1, 1, 1),
(2, 1, 2, 1),
(3, 1, 3, 1),
(4, 1, 4, 1),
(5, 2, 1, 1),
(6, 2, 2, 1),
(7, 2, 3, 1),
(8, 2, 4, 0);

-- --------------------------------------------------------

--
-- Table structure for table `invoice`
--

CREATE TABLE `invoice` (
  `invoice_id` mediumint(4) NOT NULL,
  `inv_pos_id` mediumint(4) NOT NULL,
  `inv_total_amount` decimal(10,0) NOT NULL,
  `devise` varchar(10) NOT NULL,
  `inv_discount_amount` decimal(10,0) NOT NULL,
  `inv_vat_amount` decimal(10,0) NOT NULL,
  `user_id` mediumint(4) NOT NULL,
  `inv_datetime` timestamp NOT NULL DEFAULT CURRENT_TIMESTAMP ON UPDATE CURRENT_TIMESTAMP
) ENGINE=InnoDB DEFAULT CHARSET=utf8;

--
-- Dumping data for table `invoice`
--

INSERT INTO `invoice` (`invoice_id`, `inv_pos_id`, `inv_total_amount`, `devise`, `inv_discount_amount`, `inv_vat_amount`, `user_id`, `inv_datetime`) VALUES
(101, 1, '18', 'CDF', '0', '3', 2, '2021-08-21 10:54:40'),
(102, 1, '36', 'USD', '0', '6', 2, '2021-08-21 10:54:52'),
(103, 1, '36', 'CDF', '0', '6', 2, '2021-08-21 10:55:03'),
(104, 1, '36', 'CDF', '0', '6', 2, '2021-08-21 11:45:53'),
(105, 1, '45', 'CDF', '0', '7', 1, '2021-08-21 11:59:35'),
(106, 1, '36', 'CDF', '0', '6', 1, '2021-08-21 12:00:03'),
(107, 1, '72', 'CDF', '0', '12', 1, '2021-08-21 12:01:29'),
(108, 1, '63', 'CDF', '0', '10', 1, '2021-08-21 12:09:40'),
(109, 1, '18', 'CDF', '0', '3', 1, '2021-08-21 12:54:38'),
(110, 1, '99', 'CDF', '0', '16', 2, '2021-08-21 12:55:06'),
(111, 1, '162', 'USD', '0', '26', 1, '2021-08-23 11:30:13'),
(112, 1, '9', 'CDF', '0', '1', 1, '2021-08-23 11:30:35'),
(113, 1, '18', 'CDF', '0', '3', 1, '2021-08-23 11:30:47');

-- --------------------------------------------------------

--
-- Table structure for table `last_update_stock`
--

CREATE TABLE `last_update_stock` (
  `lus_product_id` mediumint(4) NOT NULL,
  `lus_quantity` int(4) NOT NULL,
  `lus_prod_loc_id` mediumint(4) NOT NULL,
  `lus_prod_loc_description` varchar(150) NOT NULL,
  `lus_updated_date` date NOT NULL
) ENGINE=InnoDB DEFAULT CHARSET=utf8;

--
-- Dumping data for table `last_update_stock`
--

INSERT INTO `last_update_stock` (`lus_product_id`, `lus_quantity`, `lus_prod_loc_id`, `lus_prod_loc_description`, `lus_updated_date`) VALUES
(1, 8, 1, 'ZONE A & ETAGERE 1									', '2021-08-18'),
(2, 15, 2, 'les bougies se trouvent dans la zone A et sur l\'tagre 1										', '2021-08-19');

-- --------------------------------------------------------

--
-- Stand-in structure for view `list_of_stock_view`
-- (See below for the actual view)
--
CREATE TABLE `list_of_stock_view` (
`pid` mediumint(4)
,`pcode` varchar(20)
,`pname` varchar(20)
,`uom` varchar(20)
,`min_qty` int(11)
,`qty` int(4)
);

-- --------------------------------------------------------

--
-- Table structure for table `login_attempts`
--

CREATE TABLE `login_attempts` (
  `id` mediumint(8) UNSIGNED NOT NULL,
  `ip_address` varchar(45) NOT NULL,
  `login` varchar(100) DEFAULT NULL,
  `time` int(11) UNSIGNED DEFAULT NULL
) ENGINE=InnoDB DEFAULT CHARSET=utf8;

--
-- Dumping data for table `login_attempts`
--

INSERT INTO `login_attempts` (`id`, `ip_address`, `login`, `time`) VALUES
(7, '127.0.0.1', 'kalala', 1629707474);

-- --------------------------------------------------------

--
-- Table structure for table `migrations`
--

CREATE TABLE `migrations` (
  `module` varchar(20) NOT NULL,
  `version` int(3) NOT NULL
) ENGINE=InnoDB DEFAULT CHARSET=utf8;

--
-- Dumping data for table `migrations`
--

INSERT INTO `migrations` (`module`, `version`) VALUES
('CI_core', 1),
('auth\\', 2),
('badmin\\', 1),
('dashboard\\', 1),
('module\\', 1),
('pos\\', 1),
('product\\', 1),
('setting\\', 1),
('warehouse\\', 1);

-- --------------------------------------------------------

--
-- Table structure for table `modules`
--

CREATE TABLE `modules` (
  `id` mediumint(8) UNSIGNED NOT NULL,
  `module_name` varchar(50) NOT NULL,
  `module_display_name` varchar(50) NOT NULL,
  `module_description` varchar(250) NOT NULL,
  `module_status` tinyint(1) UNSIGNED NOT NULL,
  `module_version` varchar(4) NOT NULL,
  `license_key` varchar(150) DEFAULT NULL,
  `license_status` varchar(50) DEFAULT NULL,
  `required_module` varchar(50) DEFAULT NULL,
  `is_preloaded` tinyint(1) NOT NULL DEFAULT '0'
) ENGINE=InnoDB DEFAULT CHARSET=utf8;

--
-- Dumping data for table `modules`
--

INSERT INTO `modules` (`id`, `module_name`, `module_display_name`, `module_description`, `module_status`, `module_version`, `license_key`, `license_status`, `required_module`, `is_preloaded`) VALUES
(1, 'auth', 'Authorization', 'Handle your authentification for your app and manage the access control level', 1, '1.0.', NULL, NULL, NULL, 1),
(2, 'admin', 'Administration', 'This extension handle all your administration operation and management', 1, '1.0.', NULL, NULL, NULL, 1),
(3, 'dashboard', 'Dashboard', 'connect information for other extension to your dashbord', 1, '1.0.', NULL, NULL, NULL, 1),
(4, 'module', 'Module management', 'This extension Helps you manage all your extensions', 1, '1.0', NULL, NULL, NULL, 1),
(5, 'pos', 'Point de vente', 'La facturation des produits', 1, '1.0', NULL, NULL, NULL, 1),
(6, 'product', 'Product management', 'This extension Helps you manage all your products', 1, '1.0', NULL, NULL, NULL, 1),
(7, 'setting', 'Paramtres', 'Paramtre general', 1, '1.0', NULL, NULL, NULL, 1),
(8, 'warehouse', 'Gestion stock', 'This extension handle all your stock operations and management', 1, '1.0.', NULL, NULL, NULL, 1);

-- --------------------------------------------------------

--
-- Table structure for table `navigation_menu`
--

CREATE TABLE `navigation_menu` (
  `id` mediumint(8) UNSIGNED NOT NULL,
  `name` varchar(50) NOT NULL,
  `url` varchar(50) DEFAULT NULL,
  `icon` varchar(50) DEFAULT NULL,
  `icon-name` varchar(50) DEFAULT NULL,
  `text` varchar(50) NOT NULL,
  `parent` varchar(50) DEFAULT NULL,
  `order` int(11) UNSIGNED NOT NULL,
  `perm_key` varchar(30) NOT NULL
) ENGINE=InnoDB DEFAULT CHARSET=utf8;

--
-- Dumping data for table `navigation_menu`
--

INSERT INTO `navigation_menu` (`id`, `name`, `url`, `icon`, `icon-name`, `text`, `parent`, `order`, `perm_key`) VALUES
(1, 'dashboard', 'dashboard', 'fa-tachometer-alt', 'dashboard', 'dashboard', 'dashboard', 1, 'R'),
(2, 'badmin', '', 'fa-cog', '', 'administration', '', 900, 'A'),
(3, 'users', 'badmin/users', 'material-icons', '', 'Users', 'badmin', 910, 'A'),
(4, 'group_permission', 'badmin/groups_permissions', 'material-icons', '', 'Groups & Permissions', 'badmin', 920, 'A'),
(5, 'module_permissions', 'badmin/module_permissions', 'material-icons', '', 'Access Module', 'badmin', 930, 'A'),
(6, 'module', '', 'fa-th-large21`', 'apps', 'Modules', '', 1000, 'A'),
(7, 'list_module', 'module', 'material-icons', 'apps', 'Extensions', 'module', 1100, 'A'),
(8, 'pos', '', 'fa-th-large21`', 'apps', 'Points de vente', '', 400, 'W'),
(9, 'invocing', 'pos/invoicing', 'material-icons', 'apps', 'Facturation', 'pos', 410, 'W'),
(10, 'check_pos', 'pos/check', 'material-icons', 'apps', 'Voir dpts', 'pos', 420, 'W'),
(11, 'product', '', 'fa-th-large21`', 'apps', 'Articles', '', 200, 'R'),
(12, 'list_product', 'product/list', 'material-icons', 'apps', 'Liste des articles', 'product', 210, 'R'),
(13, 'create_product', 'product/create', 'material-icons', 'apps', 'Ajouter article', 'product', 220, 'W'),
(14, 'setting', '', 'fa-th-large21`', 'apps', 'Paramtres', '', 500, 'A'),
(15, 'general_setting', 'setting', 'fa-th-large21`', 'apps', 'General', 'setting', 510, 'A'),
(16, 'warehouse', '', 'fa-cog', '', 'Gestion stock', '', 300, 'R'),
(17, 'check_stock', 'warehouse/check', 'material-icons', '', 'Voir stock', 'warehouse', 310, 'R'),
(18, 'entry_in', 'warehouse/entry_in', 'material-icons', '', 'Entre stock', 'warehouse', 320, 'W'),
(19, 'entry_out', 'warehouse/entry_out', 'material-icons', '', 'Sortie stock', 'warehouse', 330, 'W');

-- --------------------------------------------------------

--
-- Table structure for table `permissions`
--

CREATE TABLE `permissions` (
  `id` mediumint(8) UNSIGNED NOT NULL,
  `perm_key` varchar(30) NOT NULL,
  `perm_name` varchar(100) NOT NULL
) ENGINE=InnoDB DEFAULT CHARSET=utf8;

--
-- Dumping data for table `permissions`
--

INSERT INTO `permissions` (`id`, `perm_key`, `perm_name`) VALUES
(1, 'R', 'Read'),
(2, 'W', 'Write'),
(3, 'A', 'Admin'),
(4, 'S', 'Super');

-- --------------------------------------------------------

--
-- Table structure for table `pos`
--

CREATE TABLE `pos` (
  `pos_ws_id` mediumint(4) NOT NULL,
  `pos_name` varchar(20) NOT NULL,
  `pos_address` varchar(30) DEFAULT NULL
) ENGINE=InnoDB DEFAULT CHARSET=utf8;

--
-- Dumping data for table `pos`
--

INSERT INTO `pos` (`pos_ws_id`, `pos_name`, `pos_address`) VALUES
(1, 'POS-VILLE', 'pos ville');

-- --------------------------------------------------------

--
-- Table structure for table `product`
--

CREATE TABLE `product` (
  `product_id` mediumint(4) NOT NULL,
  `product_code` varchar(20) NOT NULL,
  `product_name` varchar(20) NOT NULL,
  `unit_price` double NOT NULL,
  `min_qty` int(11) NOT NULL,
  `product_brand` varchar(20) DEFAULT NULL,
  `product_model` varchar(20) DEFAULT NULL,
  `product_cat_id` mediumint(4) NOT NULL,
  `product_uom` varchar(20) NOT NULL,
  `product_currency` varchar(3) NOT NULL,
  `product_vehicule_id` mediumint(4) NOT NULL,
  `product_status` tinyint(1) NOT NULL DEFAULT '1'
) ENGINE=InnoDB DEFAULT CHARSET=utf8;

--
-- Dumping data for table `product`
--

INSERT INTO `product` (`product_id`, `product_code`, `product_name`, `unit_price`, `min_qty`, `product_brand`, `product_model`, `product_cat_id`, `product_uom`, `product_currency`, `product_vehicule_id`, `product_status`) VALUES
(1, '001A', 'FREIN', 9, 9, 'N/A', 'N/A', 1, 'PIECE', 'CDF', 1, 1),
(2, '002A', 'BOUGIE', 10, 20, 'N/A', 'N/A', 1, 'PIECE', 'USD', 1, 1);

-- --------------------------------------------------------

--
-- Table structure for table `product_in_invoice`
--

CREATE TABLE `product_in_invoice` (
  `pi_product_id` mediumint(4) NOT NULL,
  `pi_invoice_id` mediumint(4) NOT NULL,
  `pi_quantity` int(4) NOT NULL
) ENGINE=InnoDB DEFAULT CHARSET=utf8;

--
-- Dumping data for table `product_in_invoice`
--

INSERT INTO `product_in_invoice` (`pi_product_id`, `pi_invoice_id`, `pi_quantity`) VALUES
(1, 0, 3),
(1, 0, 3),
(1, 0, 3),
(1, 0, 4),
(1, 0, 4),
(1, 0, 4),
(1, 0, 2),
(2, 0, 1),
(1, 0, 2),
(2, 0, 1),
(1, 0, 2),
(2, 0, 1),
(1, 0, 2),
(1, 0, 1),
(2, 0, 0),
(1, 0, 1),
(1, 0, 1),
(2, 0, 1),
(1, 0, 25),
(1, 0, 26),
(2, 0, 64),
(1, 0, 85),
(2, 0, 0),
(2, 0, 0),
(2, 0, 12),
(1, 0, 1),
(1, 0, 99),
(1, 0, 10),
(1, 0, 10),
(1, 0, 10),
(1, 0, 6),
(1, 0, 84),
(1, 0, 84),
(2, 0, 0),
(2, 0, 0),
(2, 0, 0),
(2, 0, 0),
(1, 0, 38),
(1, 0, 62),
(1, 0, 19),
(1, 0, 24),
(1, 0, 24),
(1, 0, 6),
(1, 0, 5),
(1, 0, 5),
(1, 0, 10),
(1, 0, 20),
(1, 0, 20),
(1, 0, 20),
(1, 0, 30),
(1, 0, 20),
(1, 0, 6),
(1, 0, 2),
(1, 0, 2),
(1, 0, 2),
(1, 0, 3),
(1, 0, 3),
(1, 0, 4),
(1, 0, 3),
(1, 0, 5),
(1, 0, 4),
(1, 0, 5),
(1, 0, 8),
(1, 0, 6),
(1, 0, 16),
(1, 0, 10),
(1, 0, 13),
(1, 0, 13),
(1, 0, 3),
(1, 0, 5),
(1, 0, 5),
(1, 0, 5),
(1, 0, 5),
(1, 0, 5),
(1, 0, 9),
(1, 0, 4),
(1, 0, 56),
(1, 0, 5),
(1, 0, 5),
(1, 0, 2),
(1, 0, 1),
(1, 0, 4),
(1, 0, 5),
(1, 0, 5),
(1, 0, 20),
(1, 0, 20),
(1, 0, 20),
(1, 0, 21),
(1, 0, 7),
(1, 0, 3),
(1, 0, 9),
(1, 0, 10),
(1, 0, 10),
(1, 88, 7),
(1, 89, 23),
(1, 90, 10),
(1, 91, 2),
(1, 92, 8),
(1, 93, 2),
(1, 94, 8),
(1, 95, 10),
(1, 96, 12),
(1, 97, 8),
(1, 98, 1),
(1, 99, 2),
(1, 100, 7),
(1, 101, 2),
(1, 102, 4),
(1, 103, 4),
(1, 104, 4),
(1, 105, 5),
(1, 106, 4),
(1, 107, 8),
(1, 108, 7),
(1, 109, 2),
(1, 110, 11),
(1, 111, 18),
(1, 112, 1),
(1, 113, 2);

-- --------------------------------------------------------

--
-- Table structure for table `product_location`
--

CREATE TABLE `product_location` (
  `prod_loc_id` mediumint(4) NOT NULL,
  `prod_loc_prod_id` mediumint(4) NOT NULL,
  `prod_loc_zone_id` mediumint(4) NOT NULL,
  `prod_loc_shelf_id` mediumint(4) NOT NULL
) ENGINE=InnoDB DEFAULT CHARSET=utf8;

--
-- Dumping data for table `product_location`
--

INSERT INTO `product_location` (`prod_loc_id`, `prod_loc_prod_id`, `prod_loc_zone_id`, `prod_loc_shelf_id`) VALUES
(1, 1, 1, 1),
(2, 2, 1, 1);

-- --------------------------------------------------------

--
-- Table structure for table `shelf_location`
--

CREATE TABLE `shelf_location` (
  `shelf_id` mediumint(4) NOT NULL,
  `shelf_name` varchar(20) NOT NULL
) ENGINE=InnoDB DEFAULT CHARSET=utf8;

--
-- Dumping data for table `shelf_location`
--

INSERT INTO `shelf_location` (`shelf_id`, `shelf_name`) VALUES
(1, 'ETAGERE 1'),
(2, 'ETAGERE 2'),
(4, 'ETAGERE 4'),
(5, 'ETAGERE 5'),
(6, 'ETAGERE 6'),
(3, 'ETAGERE`3 ');

-- --------------------------------------------------------

--
-- Stand-in structure for view `so_entries_out_view`
-- (See below for the actual view)
--
CREATE TABLE `so_entries_out_view` (
`name` varchar(20)
,`entry_date` date
,`quantity` int(4)
,`warehouse_name` varchar(20)
);

-- --------------------------------------------------------

--
-- Table structure for table `stock_entries_in`
--

CREATE TABLE `stock_entries_in` (
  `si_id` mediumint(4) NOT NULL,
  `si_product_id` mediumint(4) NOT NULL,
  `si_quantity` int(4) NOT NULL,
  `si_entry_date` date NOT NULL,
  `si_user_id` mediumint(4) NOT NULL
) ENGINE=InnoDB DEFAULT CHARSET=utf8;

--
-- Dumping data for table `stock_entries_in`
--

INSERT INTO `stock_entries_in` (`si_id`, `si_product_id`, `si_quantity`, `si_entry_date`, `si_user_id`) VALUES
(1, 1, 12, '2021-08-18', 1),
(2, 2, 20, '2021-08-19', 1);

-- --------------------------------------------------------

--
-- Table structure for table `stock_entries_out`
--

CREATE TABLE `stock_entries_out` (
  `so_id` mediumint(4) NOT NULL,
  `so_product_id` mediumint(4) NOT NULL,
  `so_quantity` int(4) NOT NULL,
  `so_entry_date` date NOT NULL,
  `so_dest_ware_id` mediumint(4) NOT NULL,
  `so_user_id` mediumint(4) NOT NULL
) ENGINE=InnoDB DEFAULT CHARSET=utf8;

--
-- Dumping data for table `stock_entries_out`
--

INSERT INTO `stock_entries_out` (`so_id`, `so_product_id`, `so_quantity`, `so_entry_date`, `so_dest_ware_id`, `so_user_id`) VALUES
(1, 1, 4, '2021-08-18', 1, 1),
(2, 2, 5, '2021-08-19', 1, 1);

-- --------------------------------------------------------

--
-- Table structure for table `store_information`
--

CREATE TABLE `store_information` (
  `store_id` mediumint(4) NOT NULL,
  `store_name` varchar(100) DEFAULT NULL,
  `rccm` varchar(20) DEFAULT NULL,
  `id_nat` varchar(20) DEFAULT NULL,
  `nif` varchar(20) DEFAULT NULL,
  `telephone` varchar(20) NOT NULL,
  `adresse` varchar(255) NOT NULL
) ENGINE=InnoDB DEFAULT CHARSET=utf8;

--
-- Dumping data for table `store_information`
--

INSERT INTO `store_information` (`store_id`, `store_name`, `rccm`, `id_nat`, `nif`, `telephone`, `adresse`) VALUES
(1, 'BREACH AUTO SPARE PARTS', '0089767', '878777', 'YYD RDC', '+243 97 09789', '354, av/des palmiers c/Dilala, ville de kolwezi');

-- --------------------------------------------------------

--
-- Table structure for table `uom`
--

CREATE TABLE `uom` (
  `uom_name` varchar(50) NOT NULL
) ENGINE=InnoDB DEFAULT CHARSET=utf8;

--
-- Dumping data for table `uom`
--

INSERT INTO `uom` (`uom_name`) VALUES
('BOUTEILLE'),
('PIECE'),
('CARTON'),
('LITRE');

-- --------------------------------------------------------

--
-- Table structure for table `users`
--

CREATE TABLE `users` (
  `id` mediumint(8) UNSIGNED NOT NULL,
  `ip_address` varchar(45) NOT NULL,
  `username` varchar(100) NOT NULL,
  `password` varchar(255) NOT NULL,
  `email` varchar(254) NOT NULL,
  `activation_selector` varchar(255) DEFAULT NULL,
  `activation_code` varchar(255) DEFAULT NULL,
  `forgotten_password_selector` varchar(255) DEFAULT NULL,
  `forgotten_password_code` varchar(255) DEFAULT NULL,
  `forgotten_password_time` int(11) UNSIGNED DEFAULT NULL,
  `remember_selector` varchar(255) DEFAULT NULL,
  `remember_code` varchar(255) DEFAULT NULL,
  `created_on` timestamp(6) NULL DEFAULT NULL,
  `last_login` timestamp(6) NULL DEFAULT NULL,
  `active` tinyint(1) UNSIGNED DEFAULT NULL,
  `first_name` varchar(50) DEFAULT NULL,
  `last_name` varchar(50) DEFAULT NULL,
  `company` varchar(100) DEFAULT NULL,
  `phone` varchar(20) DEFAULT NULL
) ENGINE=InnoDB DEFAULT CHARSET=utf8;

--
-- Dumping data for table `users`
--

INSERT INTO `users` (`id`, `ip_address`, `username`, `password`, `email`, `activation_selector`, `activation_code`, `forgotten_password_selector`, `forgotten_password_code`, `forgotten_password_time`, `remember_selector`, `remember_code`, `created_on`, `last_login`, `active`, `first_name`, `last_name`, `company`, `phone`) VALUES
(1, '127.0.0.1', 'admin', '$2y$10$UZrxPfQBq9Ft/AhUYwNh4u7uLL0byIPe7BPup4BfKTuyCkY1Tkgey', 'admin@admin.com', NULL, '', NULL, NULL, NULL, NULL, NULL, '0000-00-00 00:00:00.000000', '0000-00-00 00:00:00.000000', 1, 'bob', 'mwenge', 'lemondrop', '+24397374982'),
(2, '127.0.0.1', 'kalala', '$2y$10$XtBmaoSAKl3RAmICv6nz8.QkClfosq4aEljWVilkolU86QZXakTba', 'kalala@gmail.com', NULL, NULL, NULL, NULL, NULL, NULL, NULL, '0000-00-00 00:00:00.000000', '0000-00-00 00:00:00.000000', 1, 'kalala', 'kalala', 'lemondrop', '+2439737887');

-- --------------------------------------------------------

--
-- Table structure for table `users_groups`
--

CREATE TABLE `users_groups` (
  `id` mediumint(8) UNSIGNED NOT NULL,
  `user_id` mediumint(8) UNSIGNED NOT NULL,
  `group_id` mediumint(8) UNSIGNED NOT NULL
) ENGINE=InnoDB DEFAULT CHARSET=utf8;

--
-- Dumping data for table `users_groups`
--

INSERT INTO `users_groups` (`id`, `user_id`, `group_id`) VALUES
(1, 1, 1),
(2, 2, 3);

-- --------------------------------------------------------

--
-- Table structure for table `users_permissions`
--

CREATE TABLE `users_permissions` (
  `id` mediumint(8) UNSIGNED NOT NULL,
  `user_id` mediumint(8) NOT NULL,
  `perm_id` mediumint(8) NOT NULL,
  `value` tinyint(4) NOT NULL DEFAULT '0'
) ENGINE=InnoDB DEFAULT CHARSET=utf8;

--
-- Dumping data for table `users_permissions`
--

INSERT INTO `users_permissions` (`id`, `user_id`, `perm_id`, `value`) VALUES
(1, 1, 1, 1),
(2, 1, 2, 1),
(3, 1, 3, 1),
(4, 1, 4, 1);

-- --------------------------------------------------------

--
-- Table structure for table `user_pos`
--

CREATE TABLE `user_pos` (
  `id` mediumint(4) NOT NULL,
  `user_id` mediumint(4) NOT NULL,
  `pos_id` mediumint(4) NOT NULL
) ENGINE=InnoDB DEFAULT CHARSET=utf8;

--
-- Dumping data for table `user_pos`
--

INSERT INTO `user_pos` (`id`, `user_id`, `pos_id`) VALUES
(1, 2, 1);

-- --------------------------------------------------------

--
-- Table structure for table `vehicule`
--

CREATE TABLE `vehicule` (
  `vehicule_id` mediumint(4) NOT NULL,
  `vehicule_brand` varchar(50) NOT NULL,
  `isActive` tinyint(1) NOT NULL DEFAULT '1'
) ENGINE=InnoDB DEFAULT CHARSET=utf8;

--
-- Dumping data for table `vehicule`
--

INSERT INTO `vehicule` (`vehicule_id`, `vehicule_brand`, `isActive`) VALUES
(1, 'MAZADA', 1);

-- --------------------------------------------------------

--
-- Table structure for table `version`
--

CREATE TABLE `version` (
  `current_version` varchar(3) NOT NULL
) ENGINE=InnoDB DEFAULT CHARSET=utf8;

-- --------------------------------------------------------

--
-- Table structure for table `warehouses`
--

CREATE TABLE `warehouses` (
  `warehouse_id` mediumint(4) NOT NULL,
  `warehouse_name` varchar(20) NOT NULL,
  `warehouse_address` varchar(50) NOT NULL
) ENGINE=InnoDB DEFAULT CHARSET=utf8;

--
-- Dumping data for table `warehouses`
--

INSERT INTO `warehouses` (`warehouse_id`, `warehouse_name`, `warehouse_address`) VALUES
(1, 'depot-Ville', 'ville'),
(2, '', '');

-- --------------------------------------------------------

--
-- Table structure for table `warehouse_stock`
--

CREATE TABLE `warehouse_stock` (
  `ws_id` mediumint(4) NOT NULL,
  `ws_product_id` mediumint(4) NOT NULL,
  `warehouse_id` mediumint(4) NOT NULL,
  `ws_quantity` int(4) NOT NULL,
  `typeTransaction` varchar(20) NOT NULL,
  `updated_date` date NOT NULL
) ENGINE=InnoDB DEFAULT CHARSET=utf8;

--
-- Dumping data for table `warehouse_stock`
--

INSERT INTO `warehouse_stock` (`ws_id`, `ws_product_id`, `warehouse_id`, `ws_quantity`, `typeTransaction`, `updated_date`) VALUES
(1, 1, 1, 158, 'incoming', '2021-08-18'),
(2, 2, 1, 0, 'incoming', '2021-08-19');

-- --------------------------------------------------------

--
-- Table structure for table `zone_location`
--

CREATE TABLE `zone_location` (
  `zone_id` mediumint(4) NOT NULL,
  `zone_name` varchar(20) NOT NULL
) ENGINE=InnoDB DEFAULT CHARSET=utf8;

--
-- Dumping data for table `zone_location`
--

INSERT INTO `zone_location` (`zone_id`, `zone_name`) VALUES
(1, 'ZONE A'),
(2, 'ZONE B'),
(3, 'ZONE C'),
(4, 'ZONE D'),
(5, 'ZONE E'),
(6, 'ZONE F');

-- --------------------------------------------------------

--
-- Structure for view `critical_stock_view`
--
DROP TABLE IF EXISTS `critical_stock_view`;

CREATE ALGORITHM=UNDEFINED DEFINER=`root`@`localhost` SQL SECURITY DEFINER VIEW `critical_stock_view`  AS  select `product`.`product_id` AS `pid`,`product`.`product_code` AS `pcode`,`product`.`product_name` AS `pname`,`product`.`product_uom` AS `uom`,`product`.`min_qty` AS `min_qty`,`last_update_stock`.`lus_quantity` AS `actual_quantity` from (`product` join `last_update_stock`) where ((`product`.`product_id` = `last_update_stock`.`lus_product_id`) and (`product`.`min_qty` = `last_update_stock`.`lus_quantity`)) order by `product`.`product_name` ;

-- --------------------------------------------------------

--
-- Structure for view `list_of_stock_view`
--
DROP TABLE IF EXISTS `list_of_stock_view`;

CREATE ALGORITHM=UNDEFINED DEFINER=`root`@`localhost` SQL SECURITY DEFINER VIEW `list_of_stock_view`  AS  select `product`.`product_id` AS `pid`,`product`.`product_code` AS `pcode`,`product`.`product_name` AS `pname`,`product`.`product_uom` AS `uom`,`product`.`min_qty` AS `min_qty`,`last_update_stock`.`lus_quantity` AS `qty` from (`product` join `last_update_stock`) where (`product`.`product_id` = `last_update_stock`.`lus_product_id`) order by `product`.`product_name` ;

-- --------------------------------------------------------

--
-- Structure for view `so_entries_out_view`
--
DROP TABLE IF EXISTS `so_entries_out_view`;

CREATE ALGORITHM=UNDEFINED DEFINER=`root`@`localhost` SQL SECURITY DEFINER VIEW `so_entries_out_view`  AS  select `product`.`product_name` AS `name`,`stock_entries_out`.`so_entry_date` AS `entry_date`,`stock_entries_out`.`so_quantity` AS `quantity`,`warehouses`.`warehouse_name` AS `warehouse_name` from ((`product` join `stock_entries_out`) join `warehouses`) where ((`product`.`product_id` = `stock_entries_out`.`so_product_id`) and (`stock_entries_out`.`so_dest_ware_id` = `warehouses`.`warehouse_id`)) order by `stock_entries_out`.`so_entry_date` desc ;

--
-- Indexes for dumped tables
--

--
-- Indexes for table `acl_modules`
--
ALTER TABLE `acl_modules`
  ADD PRIMARY KEY (`id`);

--
-- Indexes for table `categories`
--
ALTER TABLE `categories`
  ADD PRIMARY KEY (`cat_id`),
  ADD UNIQUE KEY `cat_name` (`cat_name`);

--
-- Indexes for table `ci_sessions`
--
ALTER TABLE `ci_sessions`
  ADD PRIMARY KEY (`id`);

--
-- Indexes for table `currency_rate`
--
ALTER TABLE `currency_rate`
  ADD PRIMARY KEY (`rate_id`);

--
-- Indexes for table `groups`
--
ALTER TABLE `groups`
  ADD PRIMARY KEY (`id`);

--
-- Indexes for table `groups_permissions`
--
ALTER TABLE `groups_permissions`
  ADD PRIMARY KEY (`id`);

--
-- Indexes for table `invoice`
--
ALTER TABLE `invoice`
  ADD PRIMARY KEY (`invoice_id`);

--
-- Indexes for table `last_update_stock`
--
ALTER TABLE `last_update_stock`
  ADD PRIMARY KEY (`lus_product_id`),
  ADD UNIQUE KEY `lus_product_id` (`lus_product_id`),
  ADD KEY `w_ID` (`lus_prod_loc_id`);

--
-- Indexes for table `login_attempts`
--
ALTER TABLE `login_attempts`
  ADD PRIMARY KEY (`id`);

--
-- Indexes for table `modules`
--
ALTER TABLE `modules`
  ADD PRIMARY KEY (`id`),
  ADD UNIQUE KEY `module_name` (`module_name`),
  ADD UNIQUE KEY `license_key` (`license_key`);

--
-- Indexes for table `navigation_menu`
--
ALTER TABLE `navigation_menu`
  ADD PRIMARY KEY (`id`),
  ADD UNIQUE KEY `name` (`name`),
  ADD UNIQUE KEY `text` (`text`);

--
-- Indexes for table `permissions`
--
ALTER TABLE `permissions`
  ADD PRIMARY KEY (`id`),
  ADD UNIQUE KEY `perm_key` (`perm_key`),
  ADD UNIQUE KEY `perm_name` (`perm_name`);

--
-- Indexes for table `pos`
--
ALTER TABLE `pos`
  ADD PRIMARY KEY (`pos_ws_id`),
  ADD UNIQUE KEY `pos_name` (`pos_name`);

--
-- Indexes for table `product`
--
ALTER TABLE `product`
  ADD PRIMARY KEY (`product_id`),
  ADD UNIQUE KEY `product_code` (`product_code`),
  ADD KEY `fk_ve_id` (`product_vehicule_id`),
  ADD KEY `fk_cat_id` (`product_cat_id`);

--
-- Indexes for table `product_location`
--
ALTER TABLE `product_location`
  ADD PRIMARY KEY (`prod_loc_id`),
  ADD UNIQUE KEY `prod_loc_prod_id` (`prod_loc_prod_id`);

--
-- Indexes for table `shelf_location`
--
ALTER TABLE `shelf_location`
  ADD PRIMARY KEY (`shelf_id`),
  ADD UNIQUE KEY `shelf_name` (`shelf_name`);

--
-- Indexes for table `stock_entries_in`
--
ALTER TABLE `stock_entries_in`
  ADD PRIMARY KEY (`si_id`);

--
-- Indexes for table `stock_entries_out`
--
ALTER TABLE `stock_entries_out`
  ADD PRIMARY KEY (`so_id`);

--
-- Indexes for table `store_information`
--
ALTER TABLE `store_information`
  ADD PRIMARY KEY (`store_id`),
  ADD UNIQUE KEY `store_name` (`store_name`),
  ADD UNIQUE KEY `rccm` (`rccm`),
  ADD UNIQUE KEY `id_nat` (`id_nat`),
  ADD UNIQUE KEY `nif` (`nif`);

--
-- Indexes for table `users`
--
ALTER TABLE `users`
  ADD PRIMARY KEY (`id`),
  ADD UNIQUE KEY `email` (`email`),
  ADD UNIQUE KEY `activation_selector` (`activation_selector`),
  ADD UNIQUE KEY `forgotten_password_selector` (`forgotten_password_selector`),
  ADD UNIQUE KEY `remember_selector` (`remember_selector`);

--
-- Indexes for table `users_groups`
--
ALTER TABLE `users_groups`
  ADD PRIMARY KEY (`id`),
  ADD UNIQUE KEY `user_id` (`user_id`);

--
-- Indexes for table `users_permissions`
--
ALTER TABLE `users_permissions`
  ADD PRIMARY KEY (`id`),
  ADD UNIQUE KEY `perm_id` (`perm_id`);

--
-- Indexes for table `user_pos`
--
ALTER TABLE `user_pos`
  ADD PRIMARY KEY (`id`);

--
-- Indexes for table `vehicule`
--
ALTER TABLE `vehicule`
  ADD PRIMARY KEY (`vehicule_id`),
  ADD UNIQUE KEY `vehicule_brand` (`vehicule_brand`);

--
-- Indexes for table `warehouses`
--
ALTER TABLE `warehouses`
  ADD PRIMARY KEY (`warehouse_id`),
  ADD UNIQUE KEY `warehouse_name` (`warehouse_name`);

--
-- Indexes for table `warehouse_stock`
--
ALTER TABLE `warehouse_stock`
  ADD PRIMARY KEY (`ws_id`),
  ADD KEY `ws_FK_ID` (`warehouse_id`);

--
-- Indexes for table `zone_location`
--
ALTER TABLE `zone_location`
  ADD PRIMARY KEY (`zone_id`);

--
-- AUTO_INCREMENT for dumped tables
--

--
-- AUTO_INCREMENT for table `acl_modules`
--
ALTER TABLE `acl_modules`
  MODIFY `id` mediumint(8) UNSIGNED NOT NULL AUTO_INCREMENT, AUTO_INCREMENT=29;

--
-- AUTO_INCREMENT for table `categories`
--
ALTER TABLE `categories`
  MODIFY `cat_id` mediumint(4) NOT NULL AUTO_INCREMENT, AUTO_INCREMENT=2;

--
-- AUTO_INCREMENT for table `groups`
--
ALTER TABLE `groups`
  MODIFY `id` mediumint(8) UNSIGNED NOT NULL AUTO_INCREMENT, AUTO_INCREMENT=5;

--
-- AUTO_INCREMENT for table `groups_permissions`
--
ALTER TABLE `groups_permissions`
  MODIFY `id` mediumint(8) UNSIGNED NOT NULL AUTO_INCREMENT, AUTO_INCREMENT=9;

--
-- AUTO_INCREMENT for table `invoice`
--
ALTER TABLE `invoice`
  MODIFY `invoice_id` mediumint(4) NOT NULL AUTO_INCREMENT, AUTO_INCREMENT=114;

--
-- AUTO_INCREMENT for table `login_attempts`
--
ALTER TABLE `login_attempts`
  MODIFY `id` mediumint(8) UNSIGNED NOT NULL AUTO_INCREMENT, AUTO_INCREMENT=9;

--
-- AUTO_INCREMENT for table `modules`
--
ALTER TABLE `modules`
  MODIFY `id` mediumint(8) UNSIGNED NOT NULL AUTO_INCREMENT, AUTO_INCREMENT=9;

--
-- AUTO_INCREMENT for table `navigation_menu`
--
ALTER TABLE `navigation_menu`
  MODIFY `id` mediumint(8) UNSIGNED NOT NULL AUTO_INCREMENT, AUTO_INCREMENT=20;

--
-- AUTO_INCREMENT for table `permissions`
--
ALTER TABLE `permissions`
  MODIFY `id` mediumint(8) UNSIGNED NOT NULL AUTO_INCREMENT, AUTO_INCREMENT=5;

--
-- AUTO_INCREMENT for table `product`
--
ALTER TABLE `product`
  MODIFY `product_id` mediumint(4) NOT NULL AUTO_INCREMENT, AUTO_INCREMENT=3;

--
-- AUTO_INCREMENT for table `product_location`
--
ALTER TABLE `product_location`
  MODIFY `prod_loc_id` mediumint(4) NOT NULL AUTO_INCREMENT, AUTO_INCREMENT=3;

--
-- AUTO_INCREMENT for table `shelf_location`
--
ALTER TABLE `shelf_location`
  MODIFY `shelf_id` mediumint(4) NOT NULL AUTO_INCREMENT, AUTO_INCREMENT=7;

--
-- AUTO_INCREMENT for table `stock_entries_in`
--
ALTER TABLE `stock_entries_in`
  MODIFY `si_id` mediumint(4) NOT NULL AUTO_INCREMENT, AUTO_INCREMENT=3;

--
-- AUTO_INCREMENT for table `stock_entries_out`
--
ALTER TABLE `stock_entries_out`
  MODIFY `so_id` mediumint(4) NOT NULL AUTO_INCREMENT, AUTO_INCREMENT=3;

--
-- AUTO_INCREMENT for table `store_information`
--
ALTER TABLE `store_information`
  MODIFY `store_id` mediumint(4) NOT NULL AUTO_INCREMENT, AUTO_INCREMENT=2;

--
-- AUTO_INCREMENT for table `users`
--
ALTER TABLE `users`
  MODIFY `id` mediumint(8) UNSIGNED NOT NULL AUTO_INCREMENT, AUTO_INCREMENT=3;

--
-- AUTO_INCREMENT for table `users_groups`
--
ALTER TABLE `users_groups`
  MODIFY `id` mediumint(8) UNSIGNED NOT NULL AUTO_INCREMENT, AUTO_INCREMENT=3;

--
-- AUTO_INCREMENT for table `users_permissions`
--
ALTER TABLE `users_permissions`
  MODIFY `id` mediumint(8) UNSIGNED NOT NULL AUTO_INCREMENT, AUTO_INCREMENT=5;

--
-- AUTO_INCREMENT for table `user_pos`
--
ALTER TABLE `user_pos`
  MODIFY `id` mediumint(4) NOT NULL AUTO_INCREMENT, AUTO_INCREMENT=2;

--
-- AUTO_INCREMENT for table `vehicule`
--
ALTER TABLE `vehicule`
  MODIFY `vehicule_id` mediumint(4) NOT NULL AUTO_INCREMENT, AUTO_INCREMENT=2;

--
-- AUTO_INCREMENT for table `warehouses`
--
ALTER TABLE `warehouses`
  MODIFY `warehouse_id` mediumint(4) NOT NULL AUTO_INCREMENT, AUTO_INCREMENT=3;

--
-- AUTO_INCREMENT for table `warehouse_stock`
--
ALTER TABLE `warehouse_stock`
  MODIFY `ws_id` mediumint(4) NOT NULL AUTO_INCREMENT, AUTO_INCREMENT=3;

--
-- AUTO_INCREMENT for table `zone_location`
--
ALTER TABLE `zone_location`
  MODIFY `zone_id` mediumint(4) NOT NULL AUTO_INCREMENT, AUTO_INCREMENT=7;

--
-- Constraints for dumped tables
--

--
-- Constraints for table `last_update_stock`
--
ALTER TABLE `last_update_stock`
  ADD CONSTRAINT `w_ID` FOREIGN KEY (`lus_prod_loc_id`) REFERENCES `product_location` (`prod_loc_id`);

--
-- Constraints for table `product`
--
ALTER TABLE `product`
  ADD CONSTRAINT `fk_cat_id` FOREIGN KEY (`product_cat_id`) REFERENCES `categories` (`cat_id`),
  ADD CONSTRAINT `fk_ve_id` FOREIGN KEY (`product_vehicule_id`) REFERENCES `vehicule` (`vehicule_id`);

--
-- Constraints for table `warehouse_stock`
--
ALTER TABLE `warehouse_stock`
  ADD CONSTRAINT `ws_FK_ID` FOREIGN KEY (`warehouse_id`) REFERENCES `warehouses` (`warehouse_id`);
COMMIT;

/*!40101 SET CHARACTER_SET_CLIENT=@OLD_CHARACTER_SET_CLIENT */;
/*!40101 SET CHARACTER_SET_RESULTS=@OLD_CHARACTER_SET_RESULTS */;
/*!40101 SET COLLATION_CONNECTION=@OLD_COLLATION_CONNECTION */;
